num,text
1,Here is how to hack the popular MMORPG MapleStory. Understand the risks. Any kind of hacking is against the rules of the game and will get you banned from play if you are caught. Server hacking (packet hacking) is against the law in some...
2,MapleShark is a MapleStory sniffer that works with SharpPcap.
3,Hack Information: Hack gives unlimited time and lives. Game Information Maple Story - Go through the magical world destroying evils and collecting jewels.
4,"Welcome to MPGH - MultiPlayer Game Hacking, the world's leader in Game Hacks, Game Cheats, Trainers, Combat Arms Hacks & Cheats, Crossfire Hacks & Cheats, WarRock Hacks & Cheats, SoldierFront Hacks & Cheats, Project Blackout Hacks & Cheats, Operation 7 Hacks & Cheats, Blackshot Hacks & Cheats, A.V.A. Hacks & Cheats, Call of Duty Hacks & Cheats, Gunz Hacks & Cheats, Quake LIVE Hacks & Cheats ..."
5,"MapleStory M Hack- It is time for enjoying the unlimited Crystals for playing the MapleStory M. When you have insufficient amount of resource, this hack will provide you a plenty of them. The most outstanding part is that you need not to pay a single penny for availing this privilege. Come and test the wonderful MapleStory M Hack Online Generator."
6,"MapleStory on GameXploits GameXploits strives to provide the latest MapleStory cheats such as MapleStory exploits, bots, hacks, and guides. Gain the advantage in MapleStory and become the best in any field you desire with the tricks of the trade featured on GameXploits."
7,"MapleStory M Hack, Secters There is a game with numerous conversations and bonuses, for the first levels of the reward to get very freely. In order to misbehave, it is permissible to join the league, a whole team to fight the most zealous opponents."
8,"Maple Story is a 2D South Korean role playing game that was released by South Korean development company, Wizet in 2003, originally. ... due to the serverside nature of most of the data packet intercepting and editing is one of the main ways to hack MMO games such as Maple Story. Packets are containers of data the is sent and received by both ..."
9,"GameKiller - Game Hacking & Cheating Community. Home Game Hacking > MapleStory Sea > MapleStory Sea Hacks, Cheats & Bots. Page 1 of 3 1 2 3 Next > Sort By: Title Start Date Replies Views"
10,"MapleStory taught me how to work hard at mindless tasks like grinding. In MapleStory, grinding was a term used to describe wasting away hours trying to gain EXP (experience points) from hunting boars, snails, or robos.I remember waking up in the middle of the night just so I can have a better shot at getting into PQs because, in the most crowded of times, it was absolutely impossible to get ..."
11,A MapleStory v83 Trainer. Contribute to MapleStoryGameHack/Timelapse development by creating an account on GitHub.
12,"MapleStory M Hack allows you to add unlimited Crystals to your wallet with ease. Add unlimited amount of Crystals and use these hacks to get your pro game on! We are going to take you to another new gaming hack, which is easy to use and does not even make you go through endless software installation, which ends up being wary of installing ..."
13,"UnKnoWnCheaTs - Multiplayer Game Hacking and Cheats, leading the scene since 2000. We offer a huge amount of information and content for game hacks and cheats through our game hacking forum, download database, game hacking tutorials, and wiki sections. We supply everything for game hack source codes, anti cheat bypasses, game hack tools, game hack programming or free undetected game hacking files."
14,"MapleStory puts you and your friends in a free-to-play, fantasy MMORPG with custom characters and fascinating creatures."
15,Using simple lua script to automatically set the boundary of the maps
16,"Please submit a hacked account ticket by selecting ""Submit a Request"" at the top right of your screen. You will then need to select ""Account Related"", followed by ""Account Hacked."" If you cannot access the account, please create an alternate account in order to submit a ticket about the affected account."
17,"Welcome to ArcadePreHacks.com, the largest online game cheat portal on the internet. Our objective is to create a different gaming experience for our users using pre-hacks. Game players who find it hard to play some games can come to arcadeprehacks.com and use the cheats in the game to help complete them, while others like to use cheats for a ..."
18,"MapleStory M hack, is free way to unlock or get all In-App purchases for free.This hacks for MapleStory M works for all Android and also for iOS smartphones. To use this hack you need to chose any cheat code from below and type it in MapleStory M game console. this cheats and hacks you don't need to Root or Jailbreak your phone, and also you don't need to download anything like computer ..."
19,"r/MapleStory doesn't allow links to hacks, or any trades that cant be done in the trade window or through mts. This community is for those that wish to take part in these bannable activities. 44. Members. 1. Online. Created Jun 19, 2012. Moderators. Message the mods. u/RIndustries. Trusted."
20,"USING THE TRAINER MIGHT CAUSE ALOT OF LAGG FROM SOME HACKS!! Finally, after a long wait, the fourth installment of the Maplestory Simulators! ... Fight a major boss monster from the popular MMORPG Maple Story Game 274,781 Views (Ages 13+) Return of Papulatus by Drkgodz."
21,Discover Your Story! MapleStory delivers legendary MMORPG adventures with boldly original iconic 2D charm.
22,"Hacks to get your pro Game on prevent the player from using the hack prominent Hacking forums the!, but there are exceptions, but there are nothing to worry about ; it quick., after a period maplestory hack game killer testing, MapleStory 2 was finally released hack MapleStory or similar games working."
23,"Nexon, which has gained a global reputation through Maple Story and online game Kart Rider, is one of the two leading online game developers in South Korea, along with NCsoft Corp."
24,"""A hacking program has been detected"" error. For your computer's safety, MapleStory will scan for hacks and malicious programs when you log in to the game."
25,"This hack is somehow useless and pathetic, yet really fun to use. Also keep in mind that this cheat can be risky. Little hint : Papulatus' HP is 23,000,000 ,..."
26,"A hack 'n' slash game that's more cute than fun. First off, let it be said that the score of 6 does not, in my opinion, depict Maple Story as a bad game. Instead, it merely offers to assign a feeling of mediocrity to this side-scrolling MMORPG, which I must admit is a novel idea."
27,"Bugs in this game are fairly rare, however, some of the stuff on this issues page is (relatively) unique to MapleStory. For example the keyboard PIN system. This section in general has gotten bloated, but I don't feel its a complete waste. I would also suggest that World of Warcraft is just a game. According to their page, they have 6 million ..."
28,"This game is currently blocked due to the new privacy regulation and www.agame.com isn't currently controlling it. In order for you to continue playing this game, you'll need to click ""accept"" in the banner below."
29,"DOWNLOAD VERSION 0.3! Remembering that the classes available are currently, ninja, hero, sorcerer and archer. Version 0.3 is out, and with it lots of news; Mining System Botany System Improvement in some skills Hack Slash System in Some Areas Orbis (Part Quest) Lots of new and retired maps New Leaf City (Part Quest) Lots of new Monsters Nostalgic equipment Have fun!"
30,"At this point let's just make it a thread of things wrong with the game Continuation Letter: Take a Look at Maplestory Regional Earnings reports P2W is fine to an extent because it adds value into the game currency, but when you abuse it like China's CMS you lose the hearts of people. China Revenue 43->20% Then Korea Dominates: 40-> 64%"
31,"Find the best MapleStory Hack for MapleStory. MapleStory Hacks are listed by verified, unverified, and not working. This system is uniquely democratic so you can find the best MapleStory Hack for you."
32,"Yes, it is really possible to cheat on MapleStory 2 by using tools like robots to automatically develop the game, hack to modify game client, modifications, exploits and other means. But since this is an online game, it is unfortunate that MapleStory Hacks can not be obtained, like Unlimited NX or Merets, Free Premium Club, Gadgets and Utensils ..."
33,"MapleStory M Hack allows you to add unlimited Crystals to your wallet with ease. Add unlimited amount of Crystals and use these hacks to get your pro game on! We are going to take you to another new gaming hack, which is easy to use and does not even make you go through endless software installation, which ends up being wary of installing ..."
34,"MapleStory is 2d game. To level up gamers need to grind a lot and do various quests. Since this game was released in 2005, many hacks were developed to make game play easier. Today's cheaters are intelligent to make a bypass. Using it hacker can't be banned, as system will not detect any cheats or hacks he is using."
35,We also ensured that this Maplestory M hack tool is safe from viruses and detection by the developers of the game. That is why 128 -bit encryption was recently implemented for 100% safety of the users.
36,"Maple Story is a 2D South Korean role playing game that was released by South Korean development company, Wizet in 2003, originally. ... due to the serverside nature of most of the data packet intercepting and editing is one of the main ways to hack MMO games such as Maple Story. Packets are containers of data the is sent and received by both ..."
37,"There are of advance abounding added hacks that humans use. There are acceleration hacks, jump hacks, acceleration attack, etc. Hackers could use these hacks to accord themselves an huge advantage in the game. While Wizet has GM's out searching and banning these hackers, there are just too abounding of them to ban."
38,"Maple Story Hacks, Cheats & Bots Download or share your Maple Story hack at world's leading forum for all kind of Maple Story hacks, cheats and bots. Here you will find a list of discussions in the Maple Story forum at the MMORPGs category."
39,"Search and change in-game values, load pre-made scripts and much more. Simple to use even for beginners with plenty of tutorials and videos to get you started. You may be able to hack Darksiders Genesis yourself using our FREE gamehacking tool CoSMOS while waiting for a trainer to be made."
40,"Nexon, which has gained a global reputation through Maple Story and online game Kart Rider, is one of the two leading online game developers in South Korea, along with NCsoft Corp."
41,"You should remove the hacked wz file and report the site to Nexon support. The whole ""removing quests to make it less laggy"" situation has already been forwarded to Nexon, but modifying your game files is liable to get you banned."
42,"Search and change in-game values, load pre-made scripts and much more. Simple to use even for beginners with plenty of tutorials and videos to get you started. You may be able to hack Darksiders Genesis yourself using our FREE gamehacking tool CoSMOS while waiting for a trainer to be made."
43,"Making a kind of god mode.(for monsters) - Step 1 Open DeMSwZ. - Step 2 Open mob.wz. - Step 3 Uncheck view only. - Step 4 UNCHECK BODYATTACK, firstattack, speed etc. only leave PADamage, MADamage and acc checked."
44,"Maple Story Hacks, Cheats & Bots Download or share your Maple Story hack at world's leading forum for all kind of Maple Story hacks, cheats and bots. Here you will find a list of discussions in the Maple Story forum at the MMORPGs category."
45,"Today we are going to discuss the MapleStory familiar hack. It is considered a hot topic now since it is still holiday and the game got a cheesy ""hack"" when Nexon staff are out of the office, having fun in their day off. This familiar hack happens just in the right time. Before I forget again, let me say HAPPY NEW YEAR 2012!"
46,"Download Maple Story Hack Software Original Version "" Maple Story is a 2D-platformer MMORPG with cute visual. This game was first released in 2003 in South Korea and has been released in various countries around the world."
47,"MapleStory M Online Hack has been tested on hundreds of Android and iOS devices and it worked perfect every single time! Another thing that makes our MapleStory M Hack the best is that it's really easy to use - you can get Unlimited crystal. Also, you can use our hack for unlimited amount of times!"
48,"Maple Story Cheats/Hacks Tuesday, June 30, 2009. Updating your MapleStory version (after hacking) Okay, as I told you before.. Keep the backup on safe place.. Now, you will need back to put it onto MapleStory folder to update your MapleStory version.. ... **Notice that this hack thing can make you disconnect(dc) from game** List of ""hack"" : a ..."
49,ms mgssidley noob newb msea maplesea localms odinmsmaple story maplestory gms ems msea maplesea video game maple story maplestory gms msea maplesea hacking hacks godmode vac demi super tubi vox hacks hax v 53 .53 Maple Story Maplestory Dcing Blazzey Begynol Sugarbabes Fm Freemarket JustineHemim Caneda25 DeadlyOrchid GwenStefani Maple story ...
50,"About MapleStory M Hack. If you ask a gamer, what the most annoying part of a game is, the answer will be 'paying money for buying resources'. The time has changed now. You do not need to spend a lot of money to purchase Crystals anymore.. What is the solution then?"
51,"Rust Hacks, Cheats & Aimbot ... I advised in my first post trying to find the packet handler for your target game, today I've done that for maplestory in a fashion that was waaaaaaaaaaay easier than i thought it'd be, and there's a simple reason why. I found the way they read from packets. I call these StreamReaders because it flows off the ..."
52,"A program used to make Maple Story a window game instead of full screen. MapleLegends19042017 May 6 2017 Full Version This is the full install of MapleLegends dated April 19, 2017. Patch 1.20 to 1.31 Mar 19 2013 Patch The 1.31 incremental patch for Maple Story."
53,"The game plays similar to 'Maplestory' and if you are a fan of the 'Maplestory' game, then you will definitely like 'La Tale Online'. You need to choose your class and then equip that character with various equipments in order to make them stronger. ... 'Dungeon Fighter Online' is an online hack and slash action video game that ..."
54,"MapleStory dose now work on vista, MapleGlobal fixed it, and maplestory is alot safer for vista because of the new secuity Microsoft put in vista it will not let the hacking tool run cuz it needs the kernel but dosnt have access to it. PS: i hack on maplestory and its fun, but i can only do it in Windows XP"
55,"Instructions for Avoid Hack Pack 1. To use, extract the downloaded zip file by right-clicking and by selecting Extract All. 2. Open the folder of the Avoid Hack that you want. Note : Install both Part 1 & Part 2 to get it work! Instructions to Patch 1. Open the folder of the Avoid Hack that you want. 2. For Vista/7 Users, Run it as administrator 3."
56,Practice your fending off mushrooms with sword swinging action in Nexon's Maple Story flash game. Hack and slash slimes until your boss comes over. Play the game past the break .
57,"MapleStory M, the highly anticipated follow-up to MapleStory, is here and the hype is real!MapleStory M brings the nostalgic world of MapleStory to your mobile device. Enjoy a MMORPG experience whenever and wherever you want, right in the palm of your hand. Play a multiplayer mobile game as the classic MapleStory Explorers that you know and love: Dark Knight, Bow Master, Night Lord, Bishop ..."
58,"At this point let's just make it a thread of things wrong with the game Continuation Letter: Take a Look at Maplestory Regional Earnings reports P2W is fine to an extent because it adds value into the game currency, but when you abuse it like China's CMS you lose the hearts of people. China Revenue 43->20% Then Korea Dominates: 40-> 64%"
59,"A hack 'n' slash game that's more cute than fun. First off, let it be said that the score of 6 does not, in my opinion, depict Maple Story as a bad game. Instead, it merely offers to assign a feeling of mediocrity to this side-scrolling MMORPG, which I must admit is a novel idea."
60,"Get the latest Maple Story cheats, codes, unlockables, hints, Easter eggs, glitches, tips, tricks, hacks, downloads, achievements, guides, FAQs, walkthroughs, and more for PC (PC). CheatCodes.com has all you need to win every game you play! Use the above links or scroll down see all to the PC cheats we have available for Maple Story."
61,"For non-MapleStory players who may not know, the game's European servers were hacked recently, something that Nexon has been working to solve since it happened. In The Free Zone this week, Richard ..."
62,"Genre: RPG Price: Free with In-App Purchases. Ads? NO Installation Instructions Download one of the [APK] files below (the MOD version is the HACKED game) OR try the [Google Play] version;Move the .apk file to your Smartphone or Tablet and install it (if you are on mobile, just install the apk tapping on it);; Launch the app and have fun with Pocket MapleStory!"
63,"maplestory hack game, maplestory hack guide, maplestory hack generator, maplestory hack injector, maplestory hack items, maplestory hack iphone, maplestory kill hack, maplestory quest guide, maplestory quest, maplestory reddit, maplestory quack quack, maplestory runes, maplestory training guide,"
64,Maplestory Lunar Island animated game attract hard-core male gamers avoiding ppl in Hacker Story Computer Science and a minor in 3D Animation Best Flash Game EVER~~! who has a idea for a flash game? new flash games Knights of Cygnus (Help) I wanna make a Maple Flash Game New flash game: Angry Noobs No more games?
65,"This game is currently blocked due to the new privacy regulation and www.agame.com isn't currently controlling it. In order for you to continue playing this game, you'll need to click ""accept"" in the banner below."
66,the best game in the world. the best game in the world ... Maple Story Game. darketomex Subscribe Unsubscribe 137. 19 Jan 2008 3 076. Share. Share Video. Tweet ... hackers hacks stories explosions darkness maplestory mesos maple darkcoderz mesosexplosion. MOST POPULAR. VIDEOS GALLERIES. 0:14.
67,"Please be aware that we will be shutting down the Free Market in an upcoming game update, tentatively scheduled for the end of February.Moving forward, the Auction House and direct player-to-player trade will be the main methods of buying and selling items between players. Improvements will be made to these systems as well. To prepare for the closure of the Free Market, we will start removing ..."
68,"We don't even know if it is an MMO, or just a VR game set in the MapleStory universe. Either way it's not exactly the VR .hack or Sword Art Online game we've been waiting for, but it's ..."
69,"With Tony Azzolino, Corina Boettger, Edward Bosco, Kira Buckland. The Black Mage was sealed away years ago by 6 heroes. Fearing his resurrection, Empress Cygnus enlisted Maple World to join her knights to prevent his return. You're sent to restore the Black Mage's seal but instead, witness his revival."
70,The last RPG in this series of games like MapleStory is Vindictus. Based on the theme of online action and MMOPRG it is developed by DevCAT and released in 2010. This is a free to play game just like MapleStory and is a prequel to Mabinogi game which I have already mentioned above.
71,"MapleStory Announces Collaboration With BTS Updated Nov 24, 2020 MapleStory Players Cumulatively Commit 17,000+ Years In-Game Updated Dec 5, 2016 MapleStory RED update announced Updated May 20, 2013"
72,"One such ""nostalgia game"" is MapleStory, a 2D side-scroller with anime-inspired graphics and flashy special effects and a neat story. A trip down memory lane. There is a fine balance between making a game seem simple without making it seem cheap, and MapleStory manages to maintain that balance perfectly. The 2D graphics make it accessible even ..."
73,"FREE private server with 25x rates, 10mill mesos start, and coded in C++ unlike all the fakes waiting for odin. We have a huge community so join today! Over 950 users online right now! Download Free Maple Story Hacks, Maple Story Cheats, Mesos, Bot: In: 0: Out: 303: 21"
74,"The Mechanic character class is now live in Global MapleStory (GMS), the international version of Nexon's popular free massively multiplayer online role-playing game. Celebrate the release by building a super-powerful Mechanic to call your own! No idea how to invest your skill points? No problem! The build guide excerpted below eliminates the guesswork, permitting you to focus on what matters ..."
75,"A program used to make Maple Story a window game instead of full screen. MapleLegends19042017 May 6 2017 Full Version This is the full install of MapleLegends dated April 19, 2017. Patch 1.20 to 1.31 Mar 19 2013 Patch The 1.31 incremental patch for Maple Story. Patch 1.20 to 1.27 ..."
76,"Though it pains me to even write a review for this, I feel that i must for any games i play, specially ones with no reviews yet. Maplestory is Though it pains me to even write a review for this, I feel that i must for any games i play, specially ones with no reviews yet. Maplestory is not a game i would suggest to anyone over the age of 12, or anyone who gets bored of grinding quickly."
77,"This is how to download MapleStory, the world's first side-scrolling, massively multi-player online role-playing game. It's free! First go to the region that you play MapleStory on."
78,Play as an archer level up in this flash version of Maple Story. games. videos. New Games Next in 00:00. Newest Games Next addition in 00:00. Best New Games Best games from last 2 months ... Join other players talking about games. Visit the Y8 Forum. Go to Forum Hide. Game details Play as an archer level up in this flash version of Maple Story.
79,"maplestory profession hack, maplesea profession hack, korea maplestory bot, powered by vBulletin maple story auto clicker, maplesea dll hacks, progamercity maplestory hack, powered by vBulletin hacks for maple story, unlimited attack maplestory dll, powered by vBulletin maple story download, maplestory ftf hack, maplestory click teleport tutorial,"
80,"This MapleStory M Hack is free for you to use and works online - you don't need to download any sketchy software! We worked hard for over 2 months to bring you this hack and we continue to work to make sure it works perfectly. This MapleStory M Hack, is completely safe for your account. Way more than 30,000 Users already got their free Crystals ..."
81,"Top Game Sites > MapleStory > Maple Story Hacks (EMS/GMS) Maple Story Hacks (EMS/GMS) Maple Story Hacks for GMS and EMS! Bypassed all Maple Versions! Vac Hack, Godmode, Super Tubi, all private hacks here! 40604 sites in our database. IN/OUT resets every month. Time until reset: 13 days, 17 hours and 45 min."
82,"There you go with MapleStory M Hack!Enjoy the game. Tags: MapleStory M Hack 2019, How to hack MapleStory M, MapleStory M Hack APK, MapleStory M Hack Online, MapleStory M online hack generator, MapleStory M Hack Android, MapleStory M Hack iOS, MapleStory M Hack Mod, MapleStory M Gift Codes, MapleStory M Hack Tool No Servey, MapleStory M Hack No Download, MapleStory M Hack No Root, MapleStory M ..."
83,"The mobile trading card game, MapleStory Blitz, has been updated with completely new content, this time with the Zakum Altar, which adds all new dungeons and additional collectible cards to the game. Table of Contents MapleStory Blitz hack cheat with unlimited resourcesMapleStory Blitz mod apk download for pc, ios and androidMapleStory Blitz free generator without human verificationMapleStory ..."
84,"Mobile & Flash Game Hacks [Bot] MapleStory M Bot - Autoplay & AutoQuest; If this is your first visit, be sure to check out the FAQ. You have to register before you can post. Almost all ads disappear when you login. Shout-Out Aphro FREE WoW Shadowlands Bot-PVP-Quest-Gather-Gold Farm;"
85,"maplestory hack game, maplestory hack guide, maplestory hack generator, maplestory hack injector, maplestory hack items, maplestory hack iphone, maplestory kill hack, maplestory quest guide, maplestory quest, maplestory reddit, maplestory quack quack, maplestory runes, maplestory training guide,"
86,"Repeat MapleStory v62 Private Server Hack. MapleStory is a free-to-play, 2D, side-scrolling massively multiplayer online role-playing game, developed by the South Korean company Wizet. Btw if you run vista when in properties on ganja tick run as admin always Basicly great hack for v62 Enjoy. MapleStory v62 Private Server Hacks THIS CONTAINS ..."
87,"Other Games ; Maplestory Europe Hacks/Cheats/Bots/And more! Welcome to [GHB] - GAmEhAcKbAsTaRdS Forum. Welcome to [GHB] - GAmEhAcKbAsTaRdS Forum, like most online communities you must register to view or post in our community, but don't worry this is a simple free process that requires minimal information for you to signup. Be apart of [GHB ..."
88,"Flash games: A Pirate's Fury - Video Preview. A Pirate's Fury is a feature rich game where you play as a Gunslinger. The game is quite extensive, and the largest Maplestory flash game ever to hit the internet. Complete with a high score feature, this game allows you to customize your character, complete quests, defeat monsters, save ..."
89,"MapleStory M Cheats. We want to share with you our new product which is MapleStory M Hack, new, great program which allows you to get all resources that are available in game.Program is compatible with iOS and Android mobile devices and allows you to get Crystals to become the best player in the whole world. Thanks to MapleStory M Hack you can easily save a lot of time and money."
90,"This hack is called CSEAX, a vac made by Matrex30. Not only does it vac though, it can also auto atk and loot, and it comes with an epic godmode =P. I Suggest you go on w8baby right now and check out what they have."
91,Top 1. 00 Games at Gtop. Maple. Legends [GMS v. Old School Maple. Story Server - Christmas Events.We list the best sites on the net in more tan 55 categories.
92,"MapleStory M Hack will let you to buy all items for free. Below you will see all the cheats needed to hack MapleStory M These Cheats for MapleStory M work on all iOS and Android devices. ... MapleStory M mod, MapleStory M MOD 1 0 1, mod MapleStory M, tai game MapleStory M hack apk, MapleStory M Add Unlimited Coins, MapleStory M Unlimited Coins ..."
93,"You know, game hacks are really something that drives up the cost of games and screws people over. For example, this site about Maple Story Hacks is completely bad and I am against all forms of hacking. The people that hack this online game are lousy cheats. Hacking will really cause a rise in prices in everything, just like ripping off a store will cause them to be more expensive."
94,"MapleStory M Cheats. We want to share with you our new product which is MapleStory M Hack, new, great program which allows you to get all resources that are available in game.Program is compatible with iOS and Android mobile devices and allows you to get Crystals to become the best player in the whole world. Thanks to MapleStory M Hack you can easily save a lot of time and money."
95,"v83 Based Maplestory with Modern Improvements. 2bil Damage cap, Multi line skills, custom skills / revamps. New area\'s added. Special Leveling System. Questing is Useful. Feel very powerful from the early stages of the game. Come see a Brand new take on the old maplestory you enjoy."
96,"Police are currently investigating the hacking of 13.2 million users accounts of Nexon's hugely popular multiplayer online role-playing game, Maple Story. On Thursday last week, Nexon had found that Maple Story's backup server had been hacked into, and personal information of around 13.2 million of the 18 million registered users were ..."
97,"Here is what we experienced as a player, it takes damn long time to launch MapleStory.exe even with the top processor / RAM / spec. Then once it launched, it takes like 2-5 mins to select your character and get into the game. The server is kind of weak. When you switch channel you get into the risk of getting disconnected."
98,"With the recent updates to the MapleStory (GMS) game client (v.102 and above), many new security features have been introduced with the expressed intent of preventing players from using multiple clients, virtualizing, and other things. This guide will show you how to escape those restrictions by playing MapleStory in a virtual version of the Windows…"
99,"MapleStory is a free-to-play, 2D, side-scrolling massively multiplayer online role-playing game"
100,"As you can see that Fever Buff Upgrade: 10+15+25+50=100 diamond. Every little makes mickle. Same in life, same in game. Hope these can help you a lot. That's all about this mesos farming guide. If you want to know more about Maplestory M News, you can click this site mmogah.com."
101,"welcome to allmaplestory.blogspot.com!all maple story things,such as maple story hacks, maple story guides, maple story mesos,maple story cheats and etc can be found here!Wish you happy staying here! We also sell wow gold, lotro gold, runescape gold and others. we are professional gold seller.you can find us and purchase"
102,"Play Thousands of Great Games online free play at 211games.Com. No Annoying AD or POPUP. New Games Daily so You Will Never Get Bored at Here, Much Fun!"
103,"About This Game Join over 260 Million Global Players in MapleStory, one of the original MMORPGs, where epic adventure, action-packed gameplay, & good friends await you! Featuring an iconic 2D art style, MapleStory offers the thrill of explosive power, bold anime-style self-expression, and absolute control of your characters' awesome abilities."
104,"MapleSaga is a low rate, nostalgic MapleStory private server. Enjoy old-school MapleStory gameplay and a friendly community. x8 EXP / x5 Mesos / v62 with a Skill Rebalance"
105,"You'll be playing the game at Victoria Island where all these diverse and unique towns and fields coexist. Here, you are going to be just a regular gamer hunting down monsters and protecting yourself in the process. You'll be given 5 paths to choose from, 5 that will define your life in MapleStory: Warrior, Bowman, Thief, Magician, and Pirate."
106,Category: Video & Online Games. Maple Story Hacks 2011 + new download link. Maple Story Hacks 2011 + new download link. Maple Story Hacks 2011 + new download link Download it ... Incoming search terms: link to download maplesea hack 2011; maplesea hack. Amazon.com Widgets. Related posts: ... MapleSEA — Download Game Client
107,"A free-to-play, online, retro hack-and-slash MMORPG, with an 8-bit aesthetic. Elsword May 4, 2011 PC; Elsword is a free-to-Play 2D action side-scrolling MMORPG. ... Top Rated Lists for MapleStory 100 items Games I Have Played 31 items Highest-grossing games of all time (inflation-adjusted in 2014 dollars)"
108,"As part of Hoyoung's debut into Maplestory, players can currently receive a free Taotie Pet by redeeming the coupon code: Unsealme2gaingreatpowers in the cash shop from Maplestory's twitter code puzzle."
109,"[Hack] Mobile Legends Unlimited Battle Points and Diamonds APK 2021 v1.0 (App Stays Active for 1 Week) emrkck1453 01-01-2021 0 Replies , last post: 01-01-2021"
110,"Buy maple story mesos, maple story items from meso Welcome to mesos-maple.com. We are the professional maple story shop for you to buy maple story mesos, maple story items, and we also supply maple story power leveling service. We supply the maple story mesos at our low price with free delivery to you. All of our maplestory mesos and items are ..."
111,Maplestory V62 Hack For Free Ón Their; Maplestory V62 Hack PS3 Microsoft ELITE; Maplestory V62 Hack PS3 Microsoft ELITE. Experience Walkthrough GametraiIers posted a Xbóx 360 Dashboard Walkthrough Hacking GamerTag Suspened PayPal Free Xbox Live Generator HALO 3 General Instantly Easy 50 boosting Service free money Recon Armor PS3 Microsoft ELITE Master Chief machinima THE NEW XBOX DASHBOARD ...
112,"Maple Story. Cheatbook is the resource for the latest Cheats, tips, cheat codes, unlockables, hints and secrets to get the edge to win. ... The game will automatically and constantly click and unclick Lakelis until the PQ is empty. ... , Fly - A hack which allows you to ""fly"", Fly Up - Allows you to fly straight up [requires Fly], Tubi - A hack ..."
113,"MapleStory is a free-to-play side-scrolling MMORPG from Wizet and Nexon. Enter a world of magic and mystery where epic adventure, action and good friends await you. Explore the land of Maple World ..."
114,"Forums → Games → maple story. 36: 5256: Report. Save Cancel. offline. thatoneperson. 94 posts. Nomad. Posted February 6, '08 12:48am UTC. i got hacked in maple story 2 times on my lvl 30 and a new one is it worth it on making a new one and keep on playing it i dont really get it though"
115,"Como Hackear o MapleStory. Joga MapleStory? Quer aprender como trapacear no jogo? Continue lendo! Entenda os riscos. Qualquer tipo de hack vai contra as regras do jogo, e poderão fazer com que você seja punido, caso seja flagrado. Sem..."
116,"May 24, 2015 - Nexon recently revealed a new developer video for MapleStory 2, which touches on playable classes and showed a quick preview of PvP combat. Only 4 of the 8 playable classes are shown in the video, and players can expect more advancements in future. More info about MapleStory2 here!"
117,press and youll level but it can only be done once a month
118,"Arcane Force is a new mechanic introduced in the Maplestory V update that also brought along the Arcane River region. Arcane Force is similar to Star Force and is mandatory in Arcane River, or you won't get anywhere. Arcane Force Every monster in Arcane River has a minimum required Arcane Force, if you meet that…"
119,"20 Games Like MapleStory 2 (2015) Eternity: The Last Unicorn ... In true Torchlight style, players will team up with friends and devoted pets to hack and slack their way through a vibrant world, discover ancient ruins of lost civilizations and brave dungeons filled with riches and dangerous creatures."
120,KartRider: Drift MapleStory Mabinogi Vindictus Counter-Strike Nexon: Studio V4 mobile games MapleStory M KartRider Rush+ V4 Runway Story Axe Dominations Darkness Rises Godzilla
121,"38 Games Like MapleStory. The games that are in the list below have all been automatically selected by Game Cupid's advanced game matching engine, which has searched for games like MapleStory. This has been done by evaluating all features that are in MapleStory and then looking for other games that contain similar features."
122,"I thought MapleStory DS was confirmed to be just a series of mini-games, no source ever even suggested it being a port of the MMO. 'Rumours are floating around about the control system of the Maple Story game on Nintendo DS. It is rumoured that the touch screen is used to access menus, and cast skills and spells."
123,"One piece of adventure. Thank you, your vote was recorded and will be displayed soon."
124,"Some of the answers found in this FAQ are still valid for today's questions, while other parts are some-what outdated. Leave in the comments anything I can add/do to update this FAQ. In this forum, I will be posting and answering only frequently asked questions that have been asked in the past or that will appear in the future. In the comments below leave either a question relevant to this or ..."
125,MapleStory M Android latest 1.6400.2594 APK Download and Install. MapleStory returns! Enter a fantasy MMORPG with new Explorers & epic raids!
126,"Title: How to Hack Hunterstory? How to Cheat? Like Maplestory, Crovy, the maker of ""Hunterstory"", (a flash game of a hunter) made a great game. Although it is a flash game, some of the auto-save character stats can be edited/hacked. Useful Links: Download HunterStory | HunterStory Skill Build Guide Step by Step Guide Download ""Sol…"
127,"MapleStory Bot and Hacks [GMS 0.103] G G 2 v0.08.01 I have made several changes to this version of GG2, most of which has been listed as future features in the old GG2 thread. The main changes are as follows:"
128,"Making a kind of god mode.(for monsters) - Step 1 Open DeMSwZ. - Step 2 Open mob.wz. - Step 3 Uncheck view only. - Step 4 UNCHECK BODYATTACK, firstattack, speed etc. only leave PADamage, MADamage and acc checked."
129,"Now, you will need back to put it onto MapleStory folder to update your MapleStory version.. If you did not do that, you will get ressult : Example >> ""Character.wz is corrupted"" This mean that your file is already hacked. So, take the original file, put back to the original place.."
130,"Maple Story Hacks Cheats Bot Bots Hey everyone,Welcome to my blog! This is so crazy.... I Learned how to hack games like maplestory gunbound final fantasy xi 11 world of warcraft maple story gun bound online games gaming If you want to know how i hacked botted or cheated in those games or more, Check out my website and forum."
131,Top 1. 00 Games at Gtop. Maple. Legends [GMS v. Old School Maple. Story Server - Christmas Events.We list the best sites on the net in more tan 55 categories.
132,"MapleSEA or MSEA (short for Maplestory South East Asia) is the South-east Asian version of MapleStory. It is written in English (like MapleGlobal) and is meant for the countries of Singapore, Malaysia and Thailand (though people from other countries can sign up as well). Unlike MapleGlobal, MapleSEA is not run by Nexon but by AsiaSoft."
133,Maple World in the palm of your hand!
134,"Proxies for MapleStory botting are a fantastic way to get the most out of MapleStory. I mentioned in an earlier paragraph that the original MapleStory has an equally popular sequel: MapleStory 2. One of the main differences between the two games is that MapleStory 2 takes place on a 3D plane, while MapleStory is 2D."
135,"I will continue to find out more exploits, hacks and cheats of this game. This blog will be focused on MapleSEA. I'm currently level 203 on MapleSEA. I hope to write on more tips and tricks on this game."
136,"Latest: Analyze end-game WARRIOR bossing dpm of current meta wanpi12456, May 20, 2021 at 7:28 AM Free Market Use this section to buy, sell, or check the prices of any items!"
137,press and youll level but it can only be done once a month
138,Take a sec to get to know Maplestory Quicky Bot. Why rough it through all the hours of training til your hands hurt on Maplestory when your character could be dozens of levels higher overnight with a few simple hacks… The power of this bot can take you from level 1-70 in a day or 1-150 in a week! What's possible? Day 1: 1-70; Day 2: 70-97 ...
139,"With no working guide to get free premium credits, that's what forced me to start spending real money to get stuff in these sort of games. It was not long til I set foot into MapleStory 4 months later in late august of 2013 after playing in MW and CC. I also suffered the same problems with guilds and game rules."
140,"Maple Story just announced a sequel to the game and a mobile version of it as well. Finding the cheapest Maple Story mesos just got easier for buyers since there are a lot of sellers who are looking to offload some of their in-game currency. With our new market tracking tool, you can find out when is the ideal time to get cheap Maple Story mesos!"
141,"You'll be playing the game at Victoria Island where all these diverse and unique towns and fields coexist. Here, you are going to be just a regular gamer hunting down monsters and protecting yourself in the process. You'll be given 5 paths to choose from, 5 that will define your life in MapleStory: Warrior, Bowman, Thief, Magician, and Pirate."
142,"The other games mock MapleStory in terms of sophisticated systems that make their games cool. Hoewever, MapleStory tries to emphasize on the cuteness of its monsters and items, so that's quite a turning point. Innovative, I'd say. Maplestory has the makings of a great game but I think they've got to start naming the characters better and ..."
143,"Some classes in MapleStory can take a lot of time to level up. Don't waste time grinding experience when you can have more fun instead. Buy a MapleStory account from the PlayerAuctions marketplace so you can enjoy endgame content without the hassle! Best of all, you can find cheap MapleStory accounts for sale in our player-to-player marketplace."
144,"38 Games Like MapleStory. The games that are in the list below have all been automatically selected by Game Cupid's advanced game matching engine, which has searched for games like MapleStory. This has been done by evaluating all features that are in MapleStory and then looking for other games that contain similar features."
145,"MapleStoryMapleStory has a combined total of over 47 million players in all of its versions. MapleStory Global, for players mainly outside of East Asia and Southeast Asia, has over one million players. In the game, players defend the ""Maple World"" from monsters and develop their character's skills and abilities, as in a typical role-playing game."
146,"MapleStory 2's global server launched in October 2018, meaning the game is going down less than two years since its initial launch. The MMO provided a world where players could raid, take on ..."
147,"Well for me it always says that unless I uncheck a box that says it will protect me from hacks and such. Uncheck that box and when choosing which world to play in, don't take too long. Because if you take a while, you will get that annoying ""Trouble logging in?"" problem. If it does say that, restart the game."
148,The last RPG in this series of games like MapleStory is Vindictus. Based on the theme of online action and MMOPRG it is developed by DevCAT and released in 2010. This is a free to play game just like MapleStory and is a prequel to Mabinogi game which I have already mentioned above.
149,"Last week MapleStory, the huge free-to-play MMO, was hacked by online troublemakers, with the crime involving more than a third of the game's South Korean user base."
150,"Game companies often invest countless bucks safeguarding their game titles coming from exploiting individuals. The majority of hacks are took away using ASM, or applications just like cheatengine, but many are selectivly manipulated within the code. You will need one considerable time to generate an exploit."
151,Company We are the world's first company devoted to legally protecting Player-2-Player Account Transactions. We are a free online platform that has an optional Middleman Service to safeguard your transactions.
152,"One piece of adventure. Thank you, your vote was recorded and will be displayed soon."
153,"The first brand of Taiwan MapleStory Private Service ! 2017.2.7 since operation The only Maplestory private server in Taiwan that has operated for more than three years and still has nearly 1,000 people online ! More than 80% of Maplestory Private Servers cannot be operated for more than half a ye..."
154,"www.zedgame.com ZedGame.net Leading in Online Game Virtual Trading: ZedGame.com, Buy Maple Story mesos, MapleStory gold, europe maplestory mesos, europe maplestory nx ..."
155,"You cant do anything as an Admin, WHY the hell do we even have this stupid group? 青デンデン • 파란달팽이 • 藍蝸牛 • 蓝蜗牛 • xanh ốc sên • สีน้ำเงิน ขม • bughaw susu L'escargot bleu • blaue schnecke • голубая улитка • lumaca blu • turchino chiocciola μπλε σαλιγκάρι • Blauwe Slak • Caracol Azul ..."
156,"Game Killer APK (or GameKiller) is an android app to modify coins, gems, etc of android games by using the technique of memory modifying. Gamekiller has been downloaded by more than 10 million users worldwide making it one of the most downloaded apps not available on Google Play store. Game killer is powerful yet easy to […]"
157,"Some of the answers found in this FAQ are still valid for today's questions, while other parts are some-what outdated. Leave in the comments anything I can add/do to update this FAQ. In this forum, I will be posting and answering only frequently asked questions that have been asked in the past or that will appear in the future. In the comments below leave either a question relevant to this or ..."
158,"Welcome to iOSGods! In our Community you will find lots of Tweaks, Hacks, Mods for all different types of apps & games. We also offer Help & Support on various issues whether it be Android, iPhone, Mac, or PC related. Login or Register to remove this message."
159,"Stored in the game image were hundreds of text files, most were empty. ... There was actually an interest in reviving the Maple Story translation in our Google group few weeks ago. ... Hack SXOS. Reacher17 - May 20, 2021 at 11:40 AM. Loading... Newest Downloads. Tempcast #39."
160,"Maple Story Mesos & Maplestory M Mesos Filled with vibrant ba ckgrounds and charming characters, MapleStory is an online adventure game that centers around the ""Maple World,"" allowing pla yers to combat monsters and develop their characters' skills and abilities in an immense platform-inspired persistent world. Pla yers interact with each other online through chatting, trading, and playing ..."
161,"Welcome! Here you can find information on all things android for GMS, written by somebody who could spare a lot of time collecting useless info and compiling it all into a huge wall of text. Guide navigation to read the guide in sections, use the drop down menu bar up top use the search bar…"
162,"Yes and Yes. If it continues as planned, MapleStory will remain a free-to-play game. MapleStory generates revenue by offering items in the game such as sunglasses or accessories to decorate your characters, for sale. Players are not obligated to buy these items but many opt to do so as they add another element of fun to the game."
163,"Friendly and active community, tons of custom content, on a very stable server. Balanced game play, frequent staff and player ran events, browser interface for chatting and other things you won't see anywhere else. Since 2006! Ultima Online Top mmorpg - Ultima Online Private Servers, Ultima Online Info"
164,"Play Thousands of Great Games online free play at 899games.Com. No Annoying AD or POPUP. New Games Daily so You Will Never Get Bored at Here, Much Fun!"
165,CCPLZ.net - The place to be for Europe Maplestory hacks. 311 likes · 1 talking about this. CCPLZ is a lively forum community of EMS hackers from all round the world. We welcome and embrace new...
166,"In our ongoing effort to combat game exploits and malicious hacks, we are utilizing a hack detector called Nexon Guard, along with HackShield, to provide another layer of game security in MapleStory. Nexon Guard will appear as the program ""Black Cipher.aes"" in the task manager. Players should not attempt to ""End Process"" this program."
167,The 5th installment in the Maple Story simulators. Default Keys: A-Soul Arrow Z-Power Knockback ... thank u for making maplestory games ur the best. maplestory is my favorite game. ... lil box try puting in 0.1 this will enable you to buy the trainer then put on then put on the infinite health and mana hack then use the monster vac then just ...
168,©2021 NEXON America Inc. All Rights Reserved.
169,Macro Keys allow players to execute multiple skills by holding down one button and can be setup in-game through the Macro Settings menu. Up to three Macro Keys can be created. Macro Keys can also be named but are limited to 5 characters.
170,"MapleStory: Thief Edition brings all the wonder, excitement, humor, and characters of the beloved original online phenomenon to an exciting new side-scrolling action/RPG. From outcast to hero, this thief's story is your story! More about the game: - Play as thief or assassin with in-depth character customization."
171,"MapleStory, says Kim, is one of most profitable online games globally - $16 million per month, with 210 concurrent users. On the casual MMO's success, Kim said, ""We find that pushing graphics ..."
172,"A hack Communication program for Measurement Logitech Vid HD is a quite long only available for Windows, belonging to the right Communication software with subcategory Webcam more powerful Code on the below button to run The Fatten Download pc game. Share. Post navigation. maplestory 2 download free."
173,"Warning Like aIl hacks, this máy ban you fróm the private sérver, hack responsibly. What you wiIl need: Cheat Enginé (6.1) Instructions: 1.) First step first is to open up your MapleStory private server and login and let your character just sit somewhere. Second step is to open up cheat engine and select your process. Private server name."
174,"Infinite MP Maple Story Hack Have unlimited MP when fighting monsters, friends or anything, you can easily defeat anything in the game with this hack. Flying Maple Story Hack Fly in the sky with this hack, this is a well known hack so use it carefully but you will be soaring above the rest of the players and they will envy you for it. Unlimited ..."
175,"Categories: MapleStory Flash Game Tags: ayumilove gameplay, ayumilove maplestory flash game, ayumilove maplestory flash game list, ayumilove maplestory gameplay, cheat guide for maplestory, hermit treasure hunter flash, hermit treasure hunter maple story, maple flash game, maple story flash game, maple story flash treasure hunter, maplestory ..."
176,Undetected MapleStory Blink God Mode Hack by iHaaK Read-Me Files Included: ijl15.dll (DLL used to Load BGM.dll into MapleStory.exe) BGM.dll (the main hack DLL) Backup ijl15.dll folder (In this folder you'll find the original ijl15.dll. If
177,Maplestory Mobile Bishop Full Map Attack is mostly used by chinese meso farmers because of how private the hack really is. Maplestory M is a perfect game for people who have some spare time and why wouldn't you want some help on the way by cheating the game?
178,"Maple Story was made in ""Fantasy Online Role-Playing"" genre. Right now we have 6 Cheats, 74 Walkthroughs and etc for this game and every day we increase our collection with new Maple Story cheats If you can not find the needed cheat in our list, check this page periodically or subscribe for this game's updates!"
179,"3. Multi-Instance (Many screen games for bot running). 4. Can run program on a Background mode. While bot working. You can do anything such as youtube, facebook and play games. 5. Profile system. 6. System Automatic check each an events. Every 10 - 20 mins. 7. System Automatic reset when stack of emulator or games no response in 30 - 40 mins. 8."
180,"MPGH is a completely legit website, tons of hacks for everything, i myself get my FPS aimbots there, wallhacks, and mods. Theyre hacks are all free and community made. Meeder1 , Jul 2, 2010"
181,"HacksCommunity Team proudly presents its latest hack: Pixelfield Hack.This cheat will add to your game Unlimited Crystals and Gold within just a few seconds.We have added 99.999 Crystals and Gold by default, but of course you can change the amount based on your needs. Don't worry, our Pixelfield Hack is 100% undetectable because we are always up to date with the Pixelfield servers and ..."
182,"This Hack also includes features like : XP Hack (double Score), Unlimited Mode and it allows us to generate Scores for Levels of our choice. Lets say you wanna beat a particular Level Score of one of your friends, all you gotta do is entering the Level .. and the desired Score into the blanks.Bubble Island Hack is one of our most downloaded Hack ."
183,"Anyway, I've been playing the actual MapleStory game for about 3 years now. It sounds like an untruthful number, but I actually have been playing for that long. I played until level 74 as a ranger, and then quit after getting my account ""hacked"" two times in a row."
184,"Welcome! Here you can find information on all things android for GMS, written by somebody who could spare a lot of time collecting useless info and compiling it all into a huge wall of text. Guide navigation to read the guide in sections, use the drop down menu bar up top use the search bar…"
185,"Home » Android » Android game » MapleStory Thief Edition v1 apk MapleStory Thief Edition v1 apk Category: Games Updated: Sep 13, 2012 Version: 1.5 Size: 18.2 MB"
186,"firstly the game isn't dumped yet so the translation cannot start secondly, if the translation is going to proceed i can help cause i am korean and have finished VCE Korean which is like College standard Korean IN VIC, AUS thirdly, can't wait for the game xD looks good (Y)"
187,"Game Killer APK (or GameKiller) is an android app to modify coins, gems, etc of android games by using the technique of memory modifying. Gamekiller has been downloaded by more than 10 million users worldwide making it one of the most downloaded apps not available on Google Play store. Game killer is powerful yet easy to […]"
188,"Use Maplestory Hacks. This can sound unethical but it's a good way to gain level really fast. You can summon many mobs and kill them using one hit kill hack. However, be sure that GM or other player are not near you, as you can be easily banned. There are more Maplestory hacks like fly hack, etc. Visit this site to find out more about ..."
189,PixelMarket is the safer and more secure way to buy and sell your virtual services and items from the most popular MMOs.
190,New MapleStory private servers 2021. New MapleStory private servers recently released online in 2021
191,"Maple Story Mesos & Maplestory M Mesos Filled with vibrant ba ckgrounds and charming characters, MapleStory is an online adventure game that centers around the ""Maple World,"" allowing pla yers to combat monsters and develop their characters' skills and abilities in an immense platform-inspired persistent world. Pla yers interact with each other online through chatting, trading, and playing ..."
192,"All link skills list. Every single class in Maplestory have and can give a link skill to a character within the same server on your account. Most classes have a unique link skill, while others, like the Cygnus Knights, all have the same link skill, Cygnus Blessing."
193,The 5th installment in the Maple Story simulators. Default Keys: A-Soul Arrow Z-Power Knockback ... thank u for making maplestory games ur the best. maplestory is my favorite game. ... lil box try puting in 0.1 this will enable you to buy the trainer then put on then put on the infinite health and mana hack then use the monster vac then just ...
194,The maker of Dragonica claims to provide an exciting side-scrolling hack and slash game for all those who love to dabble in this genre. ... The 8 games like Maplestory have all the ingredients for ...
195,"Maplestory ""High Five"" Private Showcase: Monster Life Breeding and Play Reference (WIP) ""Beyond"" - 5th job second skill set: Beast Tamer discussion thread: Check Out the MapleStory Art Corner! NXPatcher - Create your own pre-patcher & list of Maple FTPs: People being hacked since the last Server Check. Maplestory 2, Aanyeong: RED update ..."
196,"Maple Story just announced a sequel to the game and a mobile version of it as well. Finding the cheapest Maple Story mesos just got easier for buyers since there are a lot of sellers who are looking to offload some of their in-game currency. With our new market tracking tool, you can find out when is the ideal time to get cheap Maple Story mesos!"
197,"NEXON Co., Ltd. is a worldwide leader in free-to-play online and mobile games. Founded in Korea in 1994, Nexon developed one of the world's first graphics-based massively multiplayer online games. Nexon also pioneered the concept of microtransactions and the free-to-play business model, setting a new standard in which play is free, and users have the option to purchase in-game items to enhance ..."
198,MapleStory has changed up the familiar system and removed the codex. They are hoping to use the new familiar system where you can strengthen Familiars and earn badges to make it easier for people and add a little more substance to Familiars. ... This is why I love to play games and have been for a long time. Related. Night Lord Best Skill Build ...
199,others games site. 211games. 899games. gamefz. 566games. gamesmomo. gj1904. pogame. play337
200,"Download MapleStory Client for Windows to mapleStory puts you and your friends in a free-to-play, fantasy MMORPG with custom characters and fascinating creatures."
201,MapleStory 2 can be described as part arcade-esque hack and slash and part anime social space with Minecraft style construction and customization elements. The game also has a Battle Royale-esque ...
202,shad·ow (shăd′ō) n. 1. a. A dark area or shape made by an object blocking rays of light. b. The darkness or diminished light caused by the blocking of a light source: The back yard is in shadow all day long. c. A darker area in a picture or photograph. d. shadows The darkness following sunset. 2. a. often shadows A darkened area of skin under the ...
203,"MapleStory (Korean: 메이플스토리 Revised: Meipeul Seutori) is a free-to-play, 2D, side-scrolling massively multiplayer online role-playing game, developed by the South Korean company Wizet. MapleStory2 KR has enter into Open Beta test(OBT) phase from July 7, 2015."
204,"Guineea Heaven Guineea-Heaven is a browser game based on rasing your own guineea pigs , feeding them , accessories they need and also play games while doing so. In: 1: ... Maple Story Hacks (EMS/GMS) Maple Story Hacks for GMS and EMS! Bypassed all Maple Versions! Vac Hack, Godmode, Super Tubi, all private hacks here! In: 0: Out: 262: 7"
205,"The game's success led to Nexon quickly acquiring the company and now Wizet operates as a subsidiary of Nexon. The game launched in South Korea back in 2003, making it one of the longest running MMORPGs. Unlike most other game launched at the time, MapleStory featured cartoony side-scrolling graphics rather than 3D visuals."
206,"www.zedgame.com ZedGame.net Leading in Online Game Virtual Trading: ZedGame.com, Buy Maple Story mesos, MapleStory gold, europe maplestory mesos, europe maplestory nx ..."
207,"All Of Games Products Sale - Cheapest Maplestory M Mesos, Gold WOW Classic, FIFA Coins, POE Currency, Elder Scrolls Blades Gold and OSRS/RS3 Gold at MMOgo.com. Also, offer Fallout 76 Items, Tera Gold, FFXIV Gil, Madden NFL 19 Coins, NBA 2K19 MT and so on. 100% Secure, Fast and Guaranteed!"
208,"Adele, an honorable knight of Grandis' High Flora race, is a new warrior class that you can create in MapleStory who uses stunning Aetherial Swords. Adele is a powerful STR stat based Hero of the Flora race. She uses Bladecasters as her Primary weapon and Bladebinder as her secondary. Adele has decent Mobbing and amazing Bossing."
209,"Enjoy your discount from MapleStory, up to $13 Off, with 1 MapleStory promo codes May 2021. Updated promotion: 2000 Nx For Whoever Needs It, Got It From Email, Dont Want. See more MapleStory promo codes below for lowest price when you checkout your shopping cart at maplestory.com. It's easy to find the top MapleStory promo codes with us."
210,"Believe it or not but around 85 percent of MapleStory's top players asked for money, items, and even quest help. And just look at where they are now, at the Top Ranks in the homepage of MapleStory. So, it's ok to ask people for stuff, it's ok if you're in public doing it, you're in a game so you shouldn't be shy to do anything."
211,"Cheating in online games is defined as the action of pretending to comply with the rules of the game, while secretly subverting them to gain an unfair advantage over an opponent. Depending on the game, different activities constitute cheating and it is either a matter of game policy or consensus opinion as to whether a particular activity is considered to be cheating."
212,"MapleStory has one of my favorite soundtracks of all time, and I really think this port does it justice. Posted by: K.T.B. - 2020-12-02 10:18:34 PM | Link brickblock369"
213,"""MapleStory,"" the long-running free-to-play MMO launched to North America in 2005, will finally introduce the villain that has played a key role in its narrative for over a decade, Nexon announced"
214,Hack and slash Beat em up. Indie. Music. Pinball. Platform. Point-and-click ... SEGA AGES Puyo Puyo. PBA Bowling Challenge. PictureBook Games: Pop-Up Pursuit. Kurohyou: Ryu ga Gotoku Shinshou. SXPD: Extreme Pursuit Force. Paranormal Pursuit: The Gifted One. Pursuit of Light. Murderous Pursuits. Pocket Pursuit. Primal Pursuit. MapleStory M ...
215,"MapleStory 2 Best Class Guide - Pros & Cons | Skill Show. As you know, after a period of testing, MapleStory 2 was finally released. I believe that many players have been playing this game since the beginning of the test, but for new players, everything is new. The first step to entering the game will face the problem of choosing a class."
216,"Jul 20, 2016 - PC / Computer - MapleStory - Halloween (Tiles) - The #1 source for video game sprites on the internet!"
217,We all know pets within online video games are popular. World of Warcraft has made millions off of them. But MapleStory creator Nexon wanted to find out why the digital companions are so damn ...
218,"Hello, I've had my fun and made memories with this game. But, now it's time to put it to rest officially by selling my personal account that I put time, effort, and money in. Some details about my account: - Main character is Lv 245 Zero - Weapon"
