num,url,text
1,https://top.gg/tag/overwatch,"OverInsider, an Overwatch bot made for the community."
2,https://chatbotslife.com/5-great-discord-bots-for-overwatch-12b97b5712a5,"Originally designed for Crit Cola's official Discord server by Daniel Marquard, OverBot is an exceptional tool for fetching and organizing Overwatch player stats. OverBot uses a simple set of commands that make fetching player data a breeze."
3,https://patchbot.io/games/overwatch,PatchBot will keep your Discord channel up-to-date on all the latest Overwatch changes.
4,https://top.gg/bot/188064764008726528,"OverwatchBot makes it easy for you to view your own, or someone else's stats without ever leaving Discord."
5,https://ultrabot.win/,Overwatch Aimbot is a premium aimbot designed to help you start destroy your enemies with precision. We provide the most excellent and advanced OverwatchAimbot & hacks for PC and PS4.
6,https://www.destructoid.com/stories/5-great-discord-bots-for-overwatch-444916.phtml,"Originally designed for Crit Cola's official Discord server by Daniel Marquard, OverBot is an exceptional tool for fetching and organizing Overwatch player stats. OverBot uses a simple set of..."
7,https://github.com/BeepIsla/CSGO-Overwatch-Bot,"CSGO Overwatch Bot Automatically solves Overwatch cases. Its not good but its trying. You can forcefully parse a demo by running node force.js, it will ask you for a demo file path and a suspect SteamID."
8,https://overwatch.fandom.com/wiki/Training_bot,"Training bot - Overwatch Wiki. Gamepedia. Help . Sign In. Register. Training bot. From Overwatch Wiki. Jump to: navigation, search. Training bot Voice. Aaron Phillips: Quotes. Quotation page: Health. 200 Training bots are the entities in the practice range. Both friendly and hostile training bots exist."
9,https://aimsharp.net/overwatch/,ABOUT OUR PROJECT AIMSHARP OVERWATCH AIMBOT/Cheat ALLOWS YOU TO GAIN AN ADVANTAGE. USING OUR CHEATS YOU CAN EASILY TAKE DOWN YOUR ENEMIES IN SECONDS WITHOUT ANY GLITCHES OR FRAME DROPS.  Show heroes status-features
10,https://entropia.pro/,"ANA BOT. SMOOTH AND LEGIT AIMBOT. CUSTOMIZABLE SETTINGS. MONTHS ON MARKET. WINDOWS 10 RECOMMENDED. FULLY EXTERNAL. PRIVATE BUILDS. LIVE SUPPORT. CHEAP. PREVIEW. Check out some gameplay videos REVIEWS. The tracking aimbot is definitely one of the strongest parts of Entropia, it performs incredibly well on Heroes such as Soldier, Zarya and Tracer ..."
11,https://www.reddit.com/r/Overwatch/comments/84lgle/is_anyone_else_encountering_bots_in_competitive/,"Only on r/overwatch will somebody talk about botting behavior and some random-ass douchecarrier comes in completely out of left field to complain about his teammates. 4. ... I'm almost positive I played against a bot the other day. It was a Dva who would just walk to the point and stand there. Then once the team capture the point, the Dva would ..."
12,https://ghostwarecheats.com/overwatch-ai-aimbot,"Use the newest cheat technology to date in Overwatch to become a top player in casual-, ranked mode or tournament games. Our famous artificial intelligence aimbot will help you landing accurate shots, perfectly holding your crosshair on enemies and boosting your kill count through the roof!"
13,http://pixiaimbot.com/,Project PiXi is an Overwatch triggerbot/aim hack that's been undetected for over a year and costs just $10 a month. Check out our site for footage of PiXi in action.
14,https://squadstate.com/overwatch/there-are-ai-bots-hacking-in-competitive-overwatch,"There are AI bots hacking in competitive Overwatch Cheaters aren't an uncommon sight in multiplayer shooters. Some people just can't win games without some sort of unfair advantage, and cheating gives a quick ego boost. While cheaters on competitive Overwatch are normally humans, popular streamer 'Redshell' recently ran into a literal bot."
15,https://www.youtube.com/watch?v=h0vRBgvTTHk,How to set up and control dummy bots in the Overwatch Workshop.My Workshop Discord: https://discord.gg/FyMCGhEMusic: Oculus - Universehttps://youtu.be/C3xryw...
16,https://github.com/HarrisonKeeling/overwatch-aimbot,"OpenCV based Overwatch Aimbot This project was a 24 hour deep dive experiment into image processing and applying what I learned into something practical. If support gains around it, I will continue the weekend experiment THIS IS FOR EDUCATIONAL PURPOSES ONLY AND SHOULD NOT BE USED IN-GAME AT RISK OF ACCOUNT SUSPENSION"
17,https://workshop.codes/search/1v1,"Find Overwatch Workshop Codes to play with friends, randoms, or solo! Use in-depth search to find exactly what you are looking for. Or submit your own Workshop Codes for other to enjoy."
18,https://www.elitepvpers.com/forum/overwatch/,"Overwatch Hacks, Cheats & Aimbots Download or share your Overwatch hack at world's leading forum for all kind of Overwatch hacks, cheats and aimbots. Here you will find a list of discussions in the Overwatch forum at the Popular Games category."
19,https://workshop.codes/search/aim%20training,"Find Overwatch Workshop Codes to play with friends, randoms, or solo! Use in-depth search to find exactly what you are looking for. Or submit your own Workshop Codes for other to enjoy."
20,https://overbot.netlify.app/,"The best Overwatch bot for Discord OverBot has many features for Overwatch players that allow them to view their overall stats, stay up to date with the latest news, link their Overwatch profiles and more!"
21,https://aimsharp.net/,"Advanced, safe and undetected PVP/PVE WoW Rotation bot and overwatch aimbot.100% Possitive feedbacks! Plug and play/easy to use. 磊"
22,https://us.forums.blizzard.com/en/overwatch/,"Discuss best practices, share your creations, and give feedback about the Overwatch Workshop. 4234. Technical Support. Post issues that prevent you from installing, launching, or staying connected to Overwatch. 22754. Bug Report. Report gameplay issues you've experienced while playing Overwatch."
23,https://gamepron.com/overwatch-hacks-cheats-aimbot-wallhack/,"The Overwatch Aimbot features Bone Prioritization, Auto-Aim/Fire, and even Smooth Aiming. People won't think that you're hacking because the Overwatch Aimbot is so smooth, they'll just think you're an alien or some sort of demi-god for video games."
24,https://www.alphaaiming.com/overwatch-hacks/,"Overwatch Hacks and Cheats. AlphaAiming is proud to be the market-leading provider of Overwatch Hacks and Cheats. We offer the best and safest Overwatch cheat download options, including Overwatch ESP, Overwatch Wallhack, and Overwatch aimbot. Overwatch Aimbot. Overwatch is a shooter game that allows you to travel the world while engaging in ..."
25,https://www.elitepvpers.com/forum/counter-strike-trading/4778008-cs-go-overwatch-bot.html,This bot automatically solves Overwatch cases. Requires an available access overwatch on the steam account. The cost of bot access is 5usd per month.
26,https://www.youtube.com/watch?v=A0dHxclZ0jo,"↓ If you want to be in a video, make sure to join my steam group! ↓ Steamgroup: http://steamcommunity.com/groups/Reeve1k Reddit thread: https://www.reddit..."
27,https://us.shop.battle.net/en-us/product/overwatch?blzcmp=ow_buy_bot,"Extraordinary Heroes. Epic Moments. Only Overwatch. Join over 50 million players as you take your place in the world of Overwatch. Choose your hero from a diverse cast of soldiers, scientists, adventurers, and oddities. Bend time, defy physics, and unleash an array of extraordinary powers and weapons. Engage your enemies in the ultimate team-based shooter game."
28,https://expertboosting.com/,"Hello, I'me Junkrat Bot and I was created to show you features of our Overwatch Boosting Service! Junkrat Bot 21 May 02:07. Right now, you are looking at the demo version of our personal area. Here you can follow the progress of your ow boost order, chat with your booster, choose heroes he or she will play during your boost and pause your order ..."
29,https://owboost.com/,"Owboost.com provides zero-risk Overwatch Boosting services by Top 500 players at a cheap price in North America, Europe and Australia. All Overwatch boosts by us are insured with money-back guarantee and done in absolute privacy by a single dedicated professional booster from your server and country."
30,https://overbot.netlify.app/,"The best Overwatch bot for Discord OverBot has many features for Overwatch players that allow them to view their overall stats, stay up to date with the latest news, link their Overwatch profiles and more!"
31,https://discordbotlist.com/tags/overwatch,"Discord Overwatch Bots The best Overwatch bots voted by our community. Erisly. 7. 184,778 Multipurpose Fun Erisly is a goddess who plays as a fun Discord bot with various features such as cleverbot, a global economy, NSFW commands, meme generators, customizable prefixes for every server and more!"
32,https://entropia.pro/,"ANA BOT. SMOOTH AND LEGIT AIMBOT. CUSTOMIZABLE SETTINGS. MONTHS ON MARKET. WINDOWS 10 RECOMMENDED. FULLY EXTERNAL. PRIVATE BUILDS. LIVE SUPPORT. CHEAP. PREVIEW. Check out some gameplay videos REVIEWS. The tracking aimbot is definitely one of the strongest parts of Entropia, it performs incredibly well on Heroes such as Soldier, Zarya and Tracer ..."
33,http://pixiaimbot.com/,Project PiXi is an Overwatch triggerbot/aim hack that's been undetected for over a year and costs just $10 a month. Check out our site for footage of PiXi in action.
34,https://aimbots.co/overwatch-aimbot/,"Overwatch game is a game of PC, Xbox, and PlayStation 4. The name of the company developed and published it is Blizzard Entertainment. We have made this Overwatch Aimbot for free using which you can kill your enemies easily. If you want to cheat, then you can download this Overwatch aimbot because it will not […]"
35,https://battlelog.co/overwatch-aimbot-hacks/,"In Overwatch, an aimbot can help many in achieving a higher amount of DPS. The way we make this Aimbot makes it safe and hard to spot for anti-cheats as well as other players spectating you. All of our overwatch products come with an integrated aimbot that can be customized for your needs and setting so that it matches your level of gameplay."
36,https://fragcache.com/overwatch-hacks/,"Basically, our free Overwatch Aimbot can offer a great help because they can play the game all time on custom setting and help in progressing faster. Turn On Our Cheat. Gamers willing to use Overwatch hacks can go in settings and turn on the Aimbot option. There are many options which can be turned off and you can look for other factors."
37,https://ultrabot.win/overwatch-hacks-boosts/,"If you are looking for a quick and easy way to build a bot to dominate the enemy team, then this is the method to go. Overwatch News. Overwatch Cheats is Really in 2020? Overwatch Aimbot - The Best Way to Hack Your Way to Victory Overwatch Hacks - Boosts Your Team Co-Op Skills How to Hack Your Account With Overwatch Hacks"
38,https://lavicheats.com/overwatch-hacks-aimbot/,"Overwatch Cheats & Hacks: Superior, Undetected Wall Hacks, Aimbot, Warnings for PC, Xbox, & PS4 Overwatch Aimbot Hack: Take unobstructed shots at your opponents Lavicheat's aimbot hack gives you complete control over your shooting aims and automatically targets your bullets towards your enemies and their teams."
39,https://aimbots.co/,"Overwatch Aimbot. aimbot-August 10, 2020 0. Call Of Duty Mobile Aimbot. aimbot-August 7, 2020 0. Call Of Duty Warzone Aimbot. aimbot-July 23, 2020 0. CSGO Aimbot. aimbot-July 18, 2020 0. Krunker.io Aimbot. aimbot-July 11, 2020 0. 1 2 Page 1 of 2. EDITOR PICKS. POPULAR POSTS. Roblox Aimbot. April 20, 2020. Fortnite Aimbot."
40,https://whitecoffeepot.neocities.org/ow/,Base (Overwatch 2) Atlantic All-Stars Cadet Oxton Graffiti Jingle Rose Track and Field Will-O'-Wisp Custom Skins. Widowmaker. Base Biathlon Black Lily Côte d'Azur Huntress Kerrigan Odette Noire Nova Spider Talon Custom Skins. Pharah. Base Anubis Asp Bedouin Frostbite Possessed Security Chief Thunderbird Custom Skins. D.Va. Base Academy Black ...
41,https://www.dailydot.com/unclick/overwatch-exe-bot-cut-gifs/,"The Overwatch.exe bot is the brainchild of Casey Kolderup, a botmaker you may know from creations including the upgrade button bot and the ""when did this become hotter than this?"" bot. It ..."
42,https://expertboosting.com/,"Hello, I'me Junkrat Bot and I was created to show you features of our Overwatch Boosting Service! Junkrat Bot 21 May 02:07. Right now, you are looking at the demo version of our personal area. Here you can follow the progress of your ow boost order, chat with your booster, choose heroes he or she will play during your boost and pause your order ..."
43,https://www.skycheats.com/overwatch-hacks-cheats-2020/,"Overwatch Cheats. Skycheats.com Overwatch Cheats is one of our latest products. Overwatch Cheat is the sixth product launched and we have the resolve to improve it further. Over a period of six months, we will be expanding to over 20 more games and offer exclusive hacks for them and provide a community where you can meet and enjoy with others."
44,https://www.elitepvpers.com/forum/counter-strike-trading/4778008-cs-go-overwatch-bot.html,This bot automatically solves Overwatch cases. Requires an available access overwatch on the steam account. The cost of bot access is 5usd per month.
45,https://www.ownedcore.com/forums/fps/overwatch-exploits-hacks/,"[Bot] Source code - MEMU3 - Overwatch Pixelbot without mouse_event. Jamminroot 03-02-2021. 1 Replies, last post: 04-09-2021. Last Post By . yoshyy. View Profile View Forum Posts Private Message View Articles 04-09-2021 1,831 Views; 1 Replies [Release] AHK Color Aimbot. ballcracker 08-14-2016"
46,https://www.iwantcheats.net/overwatch-aimbot-hacks-cheats/,"Types of Cheats available in Overwatch Like every online FPS game, you can download bots, boost your health, upgrade weapons, and do other similar stuff through hacks and cheats in Overwatch. If you have played Counter-Strike, you won't find any difficulty understanding 'cheats' in Overwatch. Some hacks, cheats, and bots include:"
47,https://workshop.elohell.gg/1wWZXOX698ZPSAU/Place+Dummy+Bot/,"Place Dummy Bot 1.3.2. This workshop allows you to place a bot any spot you want on a map; The bot will stand there, and if moved (or if you move its target position), the bot will immediately start moving back to their designated spot,- this is especially useful for practicing boops as it simulates enemy air-control (I.E. if you boop the bot off a ledge but give them too much airtime, they ..."
48,https://rivalcheats.com/overwatch-aimbot-cheats/,"Overwatch doesn't exactly feature the largest of maps. The playing surface is small which keeps fights intense and fun. There aren't many places for players to hide and ambush from. This doesn't mean that Wallhacks aren't useful for Overwatch. Our Overwatch Wallhack is a dream come true for any player in Overwatch, especially snipers."
49,https://www.pcgamer.com/overwatchs-workshop-now-has-programmable-bots-enabling-training-modes-and-auto-chess-like-experiments/,"Overwatch's Workshop now has programmable bots, enabling training modes and Auto Chess-like experiments By Bo Moore 23 August 2019 Practice your aim against AI-controlled enemies."
50,https://twitter.com/A_OverwatchBot,The latest Tweets from Overwatch Bot (@A_OverwatchBot). Posting some Overwatch pics. Might be not SFW. Created by @CapitanCode. [Tweets: 1h]
51,https://anonymouscheats.net/hacks/overwatch-aimbot-wallhack/,Overwatch is a first-person-shooter game that demands speed and accuracy. The ultimate weapon for you to win the game is to get the best headshots of your enemies. This is possible only with an efficient aimbot hack. AnonymousCheats is here with the most powerful and accurate aimbot that will kill your opponents in an instant.
52,https://overwatchprecision.com/,"Overwatch Precision designs and manufactures cutting edge flat faced glock triggers, components, parts, magazines and accessories for the discerning end user."
53,https://playoverwatch.com/,"Overwatch is a vibrant team-based shooter set on a near-future earth. Every match is an intense 6v6 battle between a cast of unique heroes, each with their own incredible powers and abilities. Clash in over 20 maps from across the globe, and switch heroes on the fly to adapt to the ever-changing situation on the field."
54,https://gamefaqs.gamespot.com/boards/878359-overwatch/73842715,"Bot matches are a good way to learn the mechanics of a new character you want to try in a controlled environment, but they have no actual ""skill"". For the most part, they all run along the same path and are easy to wipe out. Easy and Medium bots are pretty derp-tastic, however Hard bots are pretty much AI controlled aimbots."
55,https://overwatch-archive.fandom.com/wiki/Training_Bot,""" The Training Bot is a non-playable hero that can be found on the Practice Range and the Tutorial. Training Bots are color-coded for their team; they are red if they are an enemy and blue if they are friendly. Friendly Bots killing Training Bots (or vice versa) will not appear in the killfeed. In the Practice Range, some Training Bots will wander along a set path, while others are ..."
56,https://lolcxcx.tumblr.com/post/146827225096/overwatch%E3%81%AEbot%E6%92%83%E3%81%A1,OverwatchのBOT撃ち 最近始めました、それ以降具合が良いのでOverwatchにおけるBOT撃ちのやり方とかを書きたいと思います。 まあやり方って言ってもCS:GOみたいに難しい物では無いんですぐ出来ます。 [[MORE]] 1.カスタムゲームを作る(画像) プレイからカスタム・ゲームを押してロビーを作ります ...
57,https://owboost.com/,"Owboost.com provides zero-risk Overwatch Boosting services by Top 500 players at a cheap price in North America, Europe and Australia. All Overwatch boosts by us are insured with money-back guarantee and done in absolute privacy by a single dedicated professional booster from your server and country."
58,https://www.ownedcore.com/forums/fps/overwatch-exploits-hacks/581580-trigger-bot-ahk.html,"Trigger Bot in AHK detects color around enemy. checks top and bottom. adjust for your res ""ResX"" and ""ResY"" download attached image file Trigger1.png :: Free File Hosting - File Dropper: File Host for Mp3, Videos, Music, Documents."
59,https://mudae.fandom.com/wiki/Overwatch,"Overwatch is a rollable series in Mudae. It is based off of the multiplayer first-person shooter game of the same name and contains characters in Mudae that originate from that game. Overwatch is a created, developed, and published by Blizzard Entertainment. The game was initially released on May 24, 2016 for Windows, PS4 and Xbox One, but has since received a Nintendo Switch port in 2019. 1 ..."
60,https://overwatch.fandom.com/wiki/Sigma_Bot_Couture,"Sigma Bot Couture Sigma is an omnic fashion company. Numbani Singapore1 Sydney2 Its slogan is a possible pun on haute coutre; a term that roughly translates as ""high fashion."""
61,https://discord.boats/bot/745561946278985768,"note- the bot is named overwatch after felicity smoak (overwatch) and is not related to the game/anime. Discord Boats is a growing directory of Discord bots to enhance your server - Find the perfect bot for your needs and add it to your server easily, quickly and for free."
62,https://awesomeopensource.com/project/BeepIsla/CSGO-Overwatch-Bot?categorypage=45,"CSGO Overwatch Bot. Automatically solves Overwatch cases. Its not good but its trying. You can forcefully parse a demo by running node force.js, it will ask you for a demo file path and a suspect SteamID.Alternatively just use node force.js <Demo> <SteamID>. VAC & Other Bans"
63,https://discordbotlist.com/bots/overwatch,"multipurpose bot with moderation, fun, economy, and utility THIS IS OVERWATCH TYPE ov help FOR COMMANDS LIST (NOTE - prefix and commands are case sensitive) lockdown commands - lock chat , unlock chat ,you can also specify reasons for locking (optional)"
64,https://www.boostingfactory.com/overwatch/account-leveling,"Our high-rated Overwatch boosters will level up your account up to any level you wish, whether it is up to 25 or any level you can imagine. We do not use bots in order to ensure your account's safety. Hand-leveling also increases the win-rate which is crucial in order to get placed higher during the placement games. The service is available ..."
65,https://towardsdatascience.com/bot-realtime-object-detection-in-overwatch-on-ubuntu-18-04-5571c4c85ec6,"Run defeat_bots.py: python3 defeat_bots.py. As usually, go to Overwatch in training room. If opencv detects at least one bot— program will move camera using mouse to this recognized bounding box and clicked until box are disappeared(bot are defeated). Yeahyy! Bonus: It is not hard to test it on other heroes vs bots in training room. For ..."
66,https://botlist.co/bots/overtells,"The Overwatch bot, OverTells, is built to push notifications out to any server using it! This bot is primarily here for you to get the latest Blizzard game news as fast as possible! OverTells Gaming is primarily a news network, covering all Blizzard Entertainment games."
67,https://bot.to/bot/overwatch-stats/,Overwatch StatsUn bot discord développé avec discord.jsTrès facile d'utilisation et intuitifPermet de récupérer les stats de la saison actuelle de compétitif !statsPermet de récupérer les rangs de la saison actuelle de compétitif !rankUn développeur a l'écoute. Peut rajouter des fonctionnalités selon les demandesBot tenu a jour fréquemment*Amusez vous bien !Mon discord: https ...
68,https://steamcommunity.com/app/730/discussions/0/3183345176710670104/,"Overwatch bots don't exist. I was more afraid of the overwatch bots really but since you guys said no, i can relax With 1. I meant this so called ""report bots"". #6. De_faulty. Nov 18, 2017 @ 4:08pm Originally posted by Echo NO Aim: Originally posted by de_fault: I was more afraid of the overwatch bots really ..."
69,https://www.rockpapershotgun.com/overwatchs-workshop-mode-gets-dummy-bots-dancing-reinhardts,"Overwatch's latest test region patch brings a clutch of changes to its Workshop, the experimental mode that allows players to create their own games.The biggest is the ability to add dummy bots; characters that have no human or AI driving their actions. Crafty players, then, can use the scripting tools to make them do just about whatever they like."
70,https://www.autohotkey.com/boards/viewtopic.php?t=21526,"triggerbot overwatch. Post by stinkyjoint » Mon Aug 15, 2016 12:48 pm Code: ... CheckBox, x12 y220 w150 h40 gTrigerSub vtrigger, Trigger Bot Gui, Show TrigerSub: GuiControlGet, trigger if trigger loop { GuiControlGet, trigger ImageSearch, , , 960, 0, 960, 540, *100 1.png If !Errorlevel Loop { ImageSearch, , , 960, 541, 960, 1080, *100 1.png If ..."
71,https://www.cbr.com/overwatch-game-modes-beginners/,"Overwatch is known as a deep and diverse game for even the savviest player. Check out this guide to its best game modes for beginners. ... whether it's destroying training bots, healing ally bots or simply platforming from one area to another. If training bots aren't your thing, feel free to load any one of the game's characters using the ..."
72,https://support.steampowered.com/kb_article.php?ref=7562-IPJN-1009,"What is Overwatch? Overwatch is an in-game replay review system that lets the CS:GO community regulate itself by allowing qualified and experienced members of the community, called 'Investigators' to review reports of disruptive behavior, determine whether those reports are valid, and apply temporary bans if appropriate."
73,https://www.vedbex.com/tools/csgo_reportbot,"CSGO Report Bot. Link. Secure. Report. Results. Output: Enter SteamID or Profile Link to put it into overwatch. ... CSGO Reportbot allows you to send a csgo reports to a csgo players to put them into overwatch using the CSGO reportbot, we send a real reports with confirmation code and unique accounts."
74,https://playidlegames.com/overwatch-cs-go-requirements-commands-and-reward/,"Overwatch (Inspection) in CS: GO is a system where players investigate irregularities in matches. Community members are selected who analyze the suspects . If they encounter cheating or inappropriate behavior, players are banned. The investigators analyze the repetitions of the matches of a player who has an unusual number of complaints. The group of investigators reaches a verdict and the ban"
75,https://www.xpcourse.com/bots-not-spawning-overwatch,"The term Bots in Overwatch refers to computer controlled opponent (AI - Artificial Intelligence) available in Custom Games and Co-op vs. AI matches. Bots can have beginner, medium or hard AI. The core AI is the same. Harder bots do more damage than medium bots."
76,https://afkgaming.com/articles/csgo/News/4734-hackers-abuse-csgo-overwatch-system-to-ban-innocent-players,"Cheaters Control CS:GO Overwatch System To Ban Legit Players. The CS:GO cheating community have actually found a way to manipulate bans, evading the Overwatch system themselves while at the same time banning other innocent players for 'griefing' through private cheating services."
77,https://twitter.com/Jonna22440545/status/1394458106101256193,"""决斗先锋两支队伍必须在1v1、3v3或6v6情况下消灭所有对手。生态监测站：南极洲 墓园黑森林城堡 #桐生ココ ＃ココここ"""
78,https://www.guilded.gg/overwatch/discord_bot,"Guilded's Overwatch Discord bot lets your Discord server know when new events are on your calendar. Before the event, our Overwatch Discord bot will let your Discord server know."
79,https://liquipedia.net/overwatch/BOT_Empire,September 7th - BOT Empire signs new Overwatch line-up. Player Roster Former . Former Squad ID Name Role Join Date Leave Date New Team Icyyy: Aaron Boyd DPS 2016-09-07 2016-??-?? CalvinDang: Calvin Dang DPS 2016-09-07 2016-??-?? KatZen: Zachary Antoniewicz Off-Tank 2016-09-07 2016-??-?? FDK: gurinder Mangat ...
80,https://bot.hgrunt.xyz/overwatch.html,HGrunt Bot - Overwatch Lines ... Overwatch Lines
81,https://overwatchaimbots.blogspot.com/,"Overwatch is a game that tries to put just as much emphasis on completing objectives, supporting, healing, and countering as it does plain old killing. Even if you graduated from high school with a Most Likely To Be A Professional Assassin award, try playing a support, defender, or tank."
82,https://blizzardwatch.com/2019/12/16/overwatch-practice-range-2-0/,"There's also a Symmetra bot that continuously shoots her destroyable turrets so you can try to increase your pinpoint accuracy on heroes like McCree and Ashe. Near the edge of the map are a handful of Pharahs floating around. As any Overwatch player knows, it can be really hard to hit these flying enemies. Now you can get the hang of it ..."
83,https://discord.bots.gg/bots/169678500893163520,"Erisly is a goddess who plays as a fun Discord bot with various features such as cleverbot, a global economy, NSFW commands, meme generators, customizable prefixes for every server and so much more! ... and also full user stats for Overwatch. Plus, search the largest game database for any game, thanks to RAWG. Random Commands: Random cats, dogs ..."
84,https://unleashed.cc/products/overwatch/,"Unleashed.cc for Overwatch is the best choice to make if you're looking for a fairly priced and efficient cheat. Rage hack and make your enemies furious, or climb to Top 500 with our discreet legit features! It's your choice how you use this powerful cheating program that we are honored to offer to you for a great price."
85,https://extremereportbot.com/main/,"This is a free report bot for CS:GO and Steam Community which sends mass spam reports to the targeted player causing them to get up till 99.9% chance of getting banned. You may send 10 CS:GO and 10 Steam Community request every 12 hours, each consists of 15 reports."
86,https://hewstore.com/,HewStore - the best hacks! Ares [Overwatch Software]Status: ON UPDATING Intel and AMD processors are supported. {Windows 10}
87,https://patchbot.io/,"Looking for a Discord Bot that can deliver Patch Notes and Game Updates to your channels? PatchBot makes it easy to keep your server updated with the latest changes to your favorite games. We support titles like PUBG, Fortnite, League of Legends, DOTA2, Starcraft II, Diablo III and many more."
88,https://overwatchboosters.com/,"Overwatchboosters SR Boosting for Overwatch. Cheap and fast Overwatch Boosting service on every platform - Overwatch Elo Boost on PC, XBOX & PS4!"
89,https://ghostwarecheats.com/ghostware-overwatch-ai-aimbot-tutorial,"Please have all unnecessary programs closed before going in-game and starting the bot. To get the aimbot ready for Overwatch, please follow these simple steps: 1 . Start the aimbot.exe 2 . Press ""F11"" to bring up the menu 3 . Setup bot (instructions further down below) 4 . Start Overwatch (and/or the anti cheat, like ESL Wire for example) 5 ."
90,https://www.privatecheatz.com/overwatch-hacks-cheats-aimbot/,"Overwatch is a game that was released many years ago, but that is just a testament to how solid the gameplay is. People are still playing Overwatch (religiously, mind you) even in modern times, and that's why we are constantly updating our Overwatch hacks."
91,https://www.mpgh.net/forum/forumdisplay.php?f=852,"Welcome to MPGH - MultiPlayer Game Hacking, the world's leader in Game Hacks, Game Cheats, Trainers, Combat Arms Hacks & Cheats, Crossfire Hacks & Cheats, WarRock Hacks & Cheats, SoldierFront Hacks & Cheats, Project Blackout Hacks & Cheats, Operation 7 Hacks & Cheats, Blackshot Hacks & Cheats, A.V.A. Hacks & Cheats, Call of Duty Hacks & Cheats, Gunz Hacks & Cheats, Quake LIVE Hacks & Cheats ..."
92,https://gamerant.com/overwatch-ways-gain-xp-quickly/,"RELATED: Overwatch: 10 Characters We Want To See In Super Smash Bros. Ultimate. So let's go over the 10 best, most effective ways to stockpile as much XP as quickly as possible. 10 Bots And More Bots!"
93,https://gstation.glitch.me/,"GameStation BOT contains moderator commands which can be used to kick, ban, give role, create channel, lock down channel, etc. You can easily moderate your server using GameStation BOT. Why Choose us? The Most easy discord bot that contains : Steam Commands, Fortnite, Apex, OverWatch, And Moderation Commands!. Easy To Use."
94,https://guidescroll.com/2020/09/overwatch-workshop-training-mode-for-every-hero/,"» Overwatch Workshop Training Modes For Every Hero. Overwatch Workshop Training Modes For Every Hero. by KarQ. Big thanks to KarQ for making this guide. Here is his video: ... Add hard Zarya (or Mei) bot to the enemy team. Press 'Interact' to start, walk out of spawn 'Interact' + 'Ultimate' for invisible enemy mode."
95,https://www.ibtimes.com/overwatch-pokemon-go-cheat-bot-maker-bossland-loses-lawsuit-blizzard-2521185,"The Bossland bot makers are most popular for creating cheats for games like Overwatch and Pokémon Go, but that operation will soon come to a halt in the United States."
96,https://droidholic.com/best-discord-bots/,This bot is specially designed for the players who play overwatch. This bot lets you do many things related to overwatch. It has specific functionalities which allow you to watch your overwatch statistics without you leaving your server. This bot enables the user to view top heroes and presents the stats in a proper image format.
97,https://workshop.elohell.gg/UyppVEAxuslMuna/Overwatch+MIDI+Pianist/,"Overwatch MIDI Pianist. This gamemode uses dummy bots to play MIDI songs on the Paris piano. You can convert the contents of any MIDI file to arrays that the gamemode can read, with this MIDI converter.. Note that the code above only contains the base gamemode without any songs."
98,https://eu.forums.blizzard.com/en/overwatch/t/create-dummy-bot-nerf/19407,"The first version of the new command ""Create Dummy Bot"" on the PTR allowed for a basically infinite amount of dummy bots to be created. Now, they nerfed it by making the action follow the rule of only 12 players per game. Which means that if you have 12 players in a game already, no dummy bots can be created, and any dummy bots that were there get deleted. Please make some way to have more ..."
99,https://overwatch.gamepedia.com/Category:Training_bot_sound_files,"This page was last edited on 10 February 2017, at 14:37. Content is available under CC BY-NC-SA 3.0 unless otherwise noted. Game content and materials are trademarks and copyrights of their respective publisher and its licensors."
100,https://daily.upcomer.com/csgo-hackers-cheat-overwatch-system-to-circumvent-bans/,"Prominent CS:GO community members such as Mythic's Erik ""fl0m"" Flom, Adam ""polen"" Polen, and analyst Jacob ""Pimp"" Winneche are just a few legitimate players who have fallen victim to report bots. Kessi's interview exposed an Overwatch cheat tool that's relatively unknown to the masses."
101,https://battle.net/support/article/142583,"You'll earn five League Tokens for every hour of live Overwatch League matches watched on eligible platforms. Your viewing time is tracked continuously, so if you watch 30 minutes in one session and return later for another 30 minutes of viewing, you'll get credit for that total accumulated hour."
102,https://www.gamersdecide.com/articles/overwatch-best-custom-games,"Overwatch The Best and Most Epic Skins for Each Hero Overwatch, considered to be one of the best multiplayer shooter games in the last couple of years since it's release. Having won over 100 Game of the Year awards and being called ""Superb"" and ""Endlessly entertaining"" by such critics as,..."
103,https://www.cgtrader.com/3d-models/character/sci-fi/overwatch-training-bot,"Overwatch training bot 3D model, available formats OBJ BLEND, ready for 3D animation and other 3D projects | CGTrader.com"
104,https://bot.csgo-check.com/,CS:GO Commend & Report Bot. This is the best CS:GO Bot. Get free CS:GO commends or report suspicious players and get them into Overwatch! Commend Bot Report Bot
105,https://www.pcgamesn.com/overwatch/ranks-explained-how-to-get-ranked,"Overwatch's ranking system isn't quite as stretched out as other online games, but that just makes jumping from one tier to another even more difficult. Ranks increase at increments of 500 ..."
106,https://www.pcgamesn.com/overwatch/workshop-codes-best,Overwatch players have been hungering for a gun game-inspired mode for years. Race other players to get a kill with every hero in the game. Silver Surfer Mei - JBWH8.
107,https://csgosmurfninja.com/services/free-csgo-report-bot/,Overwatch guys are high-level players who know about hackers and which player is actually playing with a cheat. The success rate of the report bot is quite high when compared to some regular reports from player accounts.
108,https://www.imdb.com/title/tt4332152/fullcredits,"Overwatch (Video Game 2016) cast and crew credits, including actors, actresses, directors, writers and more."
109,https://venturebeat.com/2017/08/29/overwatchs-deathmatch-mode-is-a-great-way-to-practice/,"Aug 29, 2017Overwatch's team-based modes will always matter more than Deathmatch. And that's great. But I'm glad that Blizzard has added a way to hone my skills in a stress-free environment."
110,https://www.minitool.com/news/overwatch-stuttering.html,The Overwatch is a vibrant team-based shooter game played on the computer. It is common for you to come across the Overwatch stuttering issue when playing it. This post from MiniTool will show you how to solve Overwatch audio stuttering.
111,https://csgo-check.com/report-bots,"CS:GO Report Bot CS:GO Report & Commend Websites. CS:GO Report & Commend Bots are a useful way to ban fishy players via Overwatch. The CS:GO bots of the provider get the following order: Report the player with the SteamID XY. In this case, a threshold is exceeded, so that the player is checked due to a large number of its reports directly in the Overwatch program."
112,https://totalcsgo.com/commands/demo-and-overwatch,"The command used to enable X-Ray, which allows you to see players through walls (like wallhack), is named spec_show_xray.To enable X-Ray in demos and overwatch, use this command:. spec_show_xray 1 Copy. To disable X-Ray in demos and overwatch use the following command:. spec_show_xray 0 Copy. Demo UI Command"
113,https://overwatch-archive.fandom.com/wiki/Overwatch_Wiki,Overwatch 2 is stepping back as the tank and working on a number of characters - Pakistan Christian TV - - 2021/05/21 22:48. Overwatch 2 is stepping back as the tank and working on a number of characters Pakistan Christian TV...
114,https://www.gamersdecide.com/articles/overwatch-best-workshop-games,"Top 10 Overwatch Best Junkrat Skins that Look Amazing Junkrat is an explosion loving, thieving manic who (in the Overwatch's universe) has been going around the world stealing the world's most priceless treasures alongside his bodyguard Roadhog (another playable Overwatch hero)."
115,https://venturebeat.com/2017/04/04/blizzard-wins-legal-case-against-overwatch-and-warcraft-cheatbot-maker/,"Apr 4, 2017Elevate your enterprise data technology and strategy at Transform 2021. Bots that enable cheating in games like World of Warcraft and Overwatch are violating copyright law in the United States. A ..."
116,https://www.ign.com/wikis/overwatch,"Overwatch is a Hero Shooter. Teams of 6 heroes fight to complete objectives, like capturing a point or escorting a payload to a destination. With over 20 Characters in the game, players are able ..."
117,https://www.ggrecon.com/articles/how-to-identify-bots-in-pubg,"How Do Bots Work In PUBG?. AI opponents, or bots, were added to PUBG matchmaking with the goal of lowering queue times and bettering the gameplay experience for new players. These non-human opponents can be found in public lobbies on every platform and in every playlist outside of Ranked Mode.. The skill level of bots varies, but in general, bots are easy kills."
118,https://eu.shop.battle.net/pl-pl/product/overwatch?blzcmp=ow_buy_bot,Overwatch World Cup. Hearthstone Masters. StarCraft II WCS. World of Warcraft Arena World Championship. Community Tournaments. Close. Log In. Account Settings. Create a Free Account %USER_BATTLETAG% %USER_BATTLETAG_CODE% %USER_EMAIL% Account Settings. My Gifts. Log Out. Close. Log In. Support. 0. Account Settings.
119,https://blog.counter-strike.net/index.php/overwatch/,"An Overwatch score represents an investigator's ability to consistently and accurately judge the evidence they review, per charge, in both real and test cases.Investigators score positively for agreeing with the majority of other investigators' verdicts for the same replay, and score negatively for being in the minority."
120,http://orcz.com/Overwatch:_Tutorial,Walkthrough []. You will be playing as Soldier 76; Tracer also shows up to help; Athena is the computer AI that guides you through the Tutorial.; Look around the room. Follow Tracer.; Keep following Tracer up the stairs to the second floor.; Jump on to the ledge and go through door with Overwatch logo behind Tracer.; Go to the Target Range; Shoot and destroy the Training Bot
121,https://www.gamespot.com/articles/overwatch-update-boosts-the-game-to-120fps-on-xbox-but-ps5-gets-no-update/1100-6488625/,"Overwatch March 9 Patch Notes GENERAL UPDATES. ... such as access to new effects and increasing the number of dummy bots. These enhancements can be enabled using Extension Points, which are earned ..."
122,https://www.metabomb.net/overwatch/gameplay-guides/overwatch-mystery-duel-guide,"Mystery Duel 1v1 guide - Overwatch. Tips and tricks for coming out on top in Overwatch's 1 v 1 combat mode. Gameplay guides by John Bedford, 08/11/2016"
123,https://www.cdkeys.com/pc/games/overwatch-pc-cd-key,"Overwatch - Hero Skins: Pay homage to the original Overwatch strike force by donning skins from various heroes' origins. Includes Blackwatch Reyes, Strike-Commander Morrison, Overgrown Bastion, Security Chief Pharah, and Slipstream Tracer."
124,https://appuals.com/fix-overwatch-mic-not-working/,"Overwatch In-game settings have few options for the microphone, where user can choose the audio driver suitable for their PC and keep the voice chat option always ON. Below are the steps for changing the options. In game go to ""Options"" and select the ""Sound"" option"
125,https://worldofwarcraft.com/en-us/character/us/icecrown/bot,"Bot (Icecrown) - 60 Human Frost Death Knight, 227 ilvl"
126,https://www.thingiverse.com/thing:3223104,Overwatch Training Bot by Falling_Rainbows is licensed under the Creative Commons - Attribution license. Liked By View All Give a Shout Out If you print this Thing and display it in public proudly give attribution by printing and displaying this tag. Print Thing Tag Thing Statistics 342 Views 91 Downloads Found in Model Robots ...
127,https://esprecision.net/overwatch-hacks-aimbot/,"Overwatch Triggerbot: Better than aimbot, triggerbot is the opposite of your aimkey. It is the most common used Overwatch hack as it effectively kills enemies without continuously pressing the aimkey. Trigger bot doesn't aim in fact, but as soon as your target lies over a target or opponent, an automatic fire is shot."
128,https://pop17.com/overwatch-hacks-cheats-aimbot/,"Overwatch Aimbot If your aim is a bit suspect no need to worry, as Pop 17 will give you access to a tool that literally aims for you. Our Overwatch aimbot is equipped with every feature you could need to prevail against your opponents, but why is that?"
129,https://9hackmobile.com/overwatch-hack-aim-aimbot-wall/,"Hello, OverWatch fans, We developed an amazing OverWatch Hack and now it's available to use by everyone. With the help of OverWatch Wall Hack, you can see all the players allies and enemies the whole time.Use this with caution, don't abuse on this be smart this tool is undetected now you can't be detected by any anti ban system"
130,https://gstation.glitch.me/,"GameStation BOT contains moderator commands which can be used to kick, ban, give role, create channel, lock down channel, etc. You can easily moderate your server using GameStation BOT. Why Choose us? The Most easy discord bot that contains : Steam Commands, Fortnite, Apex, OverWatch, And Moderation Commands!. Easy To Use."
131,https://www.writing.com/main/interactive-story/item_id/1963641-Overwatch-GTSShrink/map/13,"She won't need that bot now! Overwatch is getting crazy; Get MORE! Paid Members paths show up to 20 chapters! Shop Memberships. Login / Sign Up. Create New Item. Read & Review > Community > Browse By Type > Browse By Genre > Writing Resources. Saturday, May. 22, 2021. 4:43pm EDT. Members: 1,284. Guests: 149. Total Online ..."
132,https://www.engadget.com/2018-08-15-visor-overwatch-analytics-real-time-tips-ai.html,"A typical Overwatch match is hectic and fast-paced. You can't exactly consult strategy guides in the middle of a manic team fight to figure out the best course of action, so you've probably had to ..."
133,https://nerdordie.com/product/custom-overwatch-themed-animated-alerts-twitch-alerts/,UPDATE: View updated version of this product here. Add custom CSS to your StreamLabs with the code found in this alert package. The download will help you walk through all the steps that you need to take in order to get make these custom designed alerts work with StreamLabs. Watch the video guide here!
134,https://gamerant.com/overwatch-workshop-codes/,"Overwatch's Workshop mode has finally left the PTR (Public Test Realm) and is available for all to try out.This means it's been a busy week for the team-based first-person shooter, as the game has ..."
135,https://esports.uci.edu/teams/,"G205 Student Center, Irvine, CA, 92697 esports@uci.edu. 949-824-5005"
136,https://veterancheats.com/,"About Us . At Veterancheats.com, you will get access to the most popular games cheats that actually works. Day/Week/Month keys will be available in our store and you can buy a cheap Day key to convince your self that our cheats are working."
137,https://www.gamersdecide.com/articles/overwatch-best-workshop-games,"Workshop is a new customization part of the Overwatch Game Browser where you can create a game with your own unique twist. The modding tools allow you to make all sorts of changes: from the heroes, to the game mode, to the rules of the game itself! All games created in the Workshop can be shared across PC and console."
138,https://www.furiouspaul.com/overwatch/guides/hero-difficulty.html,"Overwatch is still a young game and this list is subject to change in the future once we start realizing the full potential of every hero. If you think a hero deserves to be higher or lower on the list then please comment down below. ... Soldier 76's ultimate is a self aiming bot that only requires a very small amount of aiming, and knowing ..."
139,https://kotaku.com/overwatch-glitch-spawns-unlimited-bots-into-a-single-ga-1822747064,"Source: Zed. In Overwatch, two teams of six compete to see who's best at avoiding the payload and yelling at each other. Well, most of the time, anyway. Thanks to a recently discovered glitch that..."
140,https://www.pcgamer.com/use-these-overwatch-custom-games-to-practice-improving-your-aim-and-grenade-throws/,"Some great creations have already come out of the new Overwatch Workshop custom game builder, but my favorite so far is this firing range you can use to help improve your FPS aim. Created by ..."
141,https://www.playerauctions.com/overwatch-account/,"Overwatch is slated to be one of the biggest and most anticipated releases this 2016; that is why a lot of people are already itching to get an Overwatch account. In fact, it has made many headlines among gaming sites, and a lot of people, both Blizzard fans and FPS fans in general are already excited about the game."
142,https://workshop.elohell.gg/,"The main source for Overwatch Workshop content. Get the best and most recent Workshop modes from a variety of categories and tags, easily post and share your own workshops, and more."
143,https://tech.hindustantimes.com/gaming/news/blizzard-ibm-use-ai-to-find-the-best-overwatch-players-71618658254700.html,Blizzard Entertainment has partnered with IBM to use Artificial Intelligence (AI) for finding the best Overwatch players in the world. Both companies have signed a multiyear partnership to use AI-based solutions and insights to analyse players and rank the most skilled players in the esports tournament Overwatch League.
144,https://www.gameinformer.com/2019/04/26/the-best-of-overwatchs-workshop,"Overwatch players can now dream up new hero powers and make changes to the base game using the Workshop, an in-game scripting system that opens up customization of the game's rules, conditions, and actions. The best part of the Workshop: All of the players' creations end up in the Game Browser."
145,https://blizzardwatch.com/2020/02/11/overwatch-piano-pokemon/,"I would have never thought you could tap out more than Mary Had a Little Lamb or Jingle Bells on the piano in Overwatch's Paris map, but here we are. There's a Workshop mode that can take MIDI files and force computer-controlled bots to play them for you. Take Reddit user Wengzan's version of the Pokemon Red and Blue battle theme."
146,https://overtrack.gg/,"Automatically track your Overwatch, Valorant, and Apex Legends games with computer vision. Get full match history with details on everything that happened over the course of your games; kills, deaths, winrate statistics, composition, ults (Overwatch, Valorant), and map route + circles (Apex Legends)"
147,https://www.winstonslab.com/fantasy/,Fantasy Overwatch Event ALL Overwatch League - Season 2 World Cup 2018 Overwatch League - Season 1 Contenders 2018 - Season 1 NA Contenders 2018 - Season 1 EU Contenders 2018 - Season 1 KR OWL S1 - Preseason
148,https://counterstrike.fandom.com/wiki/Overwatch,"Overwatch is a player-driven cheat jurisdiction process featured in Counter-Strike: Global Offensive.Working in tandem with Valve Anti-Cheat, Overwatch selects experienced and trusted players to become Investigators, who review demos of games with suspected cheaters, and come to a verdict on whether or not the suspected player had cheated.If the investigators conclude that the player is ..."
149,https://flashgaming.fandom.com/wiki/Bot_Arena_3,"1 Sound 2 Items 2.1 Chassis 2.2 Plating 2.3 Components 3 Battles 3.1 Strategy 4 Challenges 4.1 Training: Introduction 4.2 Training: Evasion 4.3 Training: Strategy 4.4 Training: Distracting 4.5 Training: Ranged 4.6 Training: Protection 4.7 Fun: Hammertime Sound is: Mute-able once in the gameTo disable sound: You have to do this from the main menu. If you're in the game, exit out first. Click ..."
150,https://www.pinterest.com/pin/825777281650635426/,"Jun 27, 2018 - 375 points • 8 comments - Also known as the Kung-Fu bot. - 9GAG has the best funny pics, gifs, videos, gaming, anime, manga, movie, tv, cosplay ..."
151,https://www.gamexploits.com/,"MMORPG Cheats, Exploits, Bots, Hacks and FREE MMO Guides! Online Game Glitches and Tools for games like World of Warcraft, WoKF, 12Sky, and Perfect World"
152,https://workshop.codes/search/overwatch,"Find Overwatch Workshop Codes to play with friends, randoms, or solo! Use in-depth search to find exactly what you are looking for. Or submit your own Workshop Codes for other to enjoy."
153,"https://www.tomshardware.com/news/nzxt-h500-overwatch-edition-themed-case,38646.html",The H500 Overwatch Edition is a mid-tower case featuring a light-up Overwatch logo on the front panel and the full branding on a side panel. That's about it as far as the custom design goes ...
154,https://overwatch2.playoverwatch.com/en-us/trailer,"Overwatch 2 builds on an award-winning foundation of epic competitive play, and challenges the world's heroes to team up, power up, and take on an overwhelming outbreak of threats around the globe."
155,https://www.wikihow.com/Play-Overwatch,"Understand the character classes. In Overwatch, characters fall into one of four classes and serve different functions on a team. The four classes are as follows: Offense: Offense characters are highly mobile and can deal a decent amount of damage. These characters are designed to fight out in front ahead of the team, or behind enemy lines."
156,https://appuals.com/fix-overwatch-mic-not-working/,"In this article, we will provide methods that have been verified and used to fix the problem for many users. Method 1: In-game Options. Overwatch In-game settings have few options for the microphone, where user can choose the audio driver suitable for their PC and keep the voice chat option always ON."
157,https://www.sythe.org/threads/overwatch-scripts-bots/,"Overwatch Scripts/Bots. Xaim He on epicnpc , Share #5 - Sep 18, 2017 at 4:46 PM Joined: Aug 13, 2017 Posts: 32 Referrals: 0 Sythe Gold: 35. Discoveryy Member. Overwatch Scripts/Bots. Reading things like this makes my piss boil g why cheat just enjoy the game if you suck keep practicing , Share ..."
158,https://overwatch2.playoverwatch.com/en-us/whats-next,"Overwatch 2 builds on an award-winning foundation of epic competitive play, and challenges the world's heroes to team up, power up, and take on an overwhelming outbreak of threats around the globe."
159,https://prosettings.net/overwatch-pro-settings-gear-list/,"Overwatch League's current season was a success on every front, and everyone is expecting the next to come out even stronger. ... According to decay's twitch bot's korean !sens commands (which I would assume is more up to date), he now uses 1600 dpi 2.03 in game (2.53 tracer, 3.03 pharah genji) 30 zoom (widow ana), 54 zoom (ashe)"
160,https://www.cdkeys.com/pc/games/overwatch-pc-cd-key,"Overwatch - Hero Skins: Pay homage to the original Overwatch strike force by donning skins from various heroes' origins. Includes Blackwatch Reyes, Strike-Commander Morrison, Overgrown Bastion, Security Chief Pharah, and Slipstream Tracer."
161,https://estnn.com/overwatch-league-kevster-joins-los-angeles-gladiators/,"Joining the Los Angeles Gladiators. As a member of the Los Angeles Gladiators, Persson will play alongside Ji-hyeok ""birdring"" Kim, Gia Huy ""MirroR"" Trịnh and Jason ""Jaru"" White. Kim is the staple DPS of the team, being consistent on his Widowmaker as well as with Tracer.Trịnh and White are both pretty new to the Overwatch League, and performed in the Contenders NA."
162,https://en.wikipedia.org/wiki/Overwatch_(video_game),"Overwatch is a 2016 team-based multiplayer first-person shooter developed and published by Blizzard Entertainment.Described as a ""hero shooter"", Overwatch assigns players into two teams of six, with each player selecting from a large roster of characters, known as ""heroes"", with unique abilities.Teams work to complete map-specific objectives within a limited period of time."
163,https://blog.counter-strike.net/index.php/overwatch/,"An Overwatch score represents an investigator's ability to consistently and accurately judge the evidence they review, per charge, in both real and test cases.Investigators score positively for agreeing with the majority of other investigators' verdicts for the same replay, and score negatively for being in the minority."
164,https://www.twitchmetrics.net/channels/follower?game=Overwatch,"The Most Followed Overwatch Twitch Streamers, May 2021. Ranked by total followers. Last updated Sun, May 16 at 19:19. Most Watched Fastest Growing Highest Peak Viewership Most Popular Most Followed. Most Watched Fastest Growing Highest Peak Viewership Most Popular Most Followed #1. Emongg. Partner. EN"
165,https://us.battle.net/support/en/article/19123,Upgraded to Overwatch Legendary Edition and Didn't Receive New Skins. Troubleshooting steps for locating rewards gained from upgrading to Overwatch Legendary Edition. Overwatch Legendary Edition Shows Owned But No Skins In Game. Information about the different deluxe editions of Overwatch and how the skins work
166,https://worldofwarcraft.com/en-us/character/us/icecrown/bot,"Bot (Icecrown) - 60 Human Frost Death Knight, 227 ilvl"
167,https://www.blizzard.com/en-us/?ref=www.battle.net,"Creators of the Warcraft, Diablo, StarCraft, and Overwatch series, Blizzard Entertainment is an industry-leading developer responsible for the most epic entertainment experiences, ever."
168,https://www.ggrecon.com/articles/pubg-is-infected-with-bots,"Bots are a foundational feature required in order to provide a better on-ramp for new players and to provide differentiation for the upcoming Competitive Mode. We'll be providing ways to play with, or without bots, and we hope that both of these play experiences can continue to evolve to provide a uniquely PUBG experience to everyone in the ..."
169,https://www.forbes.com/sites/krisholt/2020/10/13/overwatchs-halloween-event-is-now-live-with-some-twists-on-junkensteins-revenge/,"Oct 13, 2020Ashe is now part of Junkenstein's Revenge as The Outlaw. Blizzard Entertainment. It's spooky season, which means it's about that time for Overwatch to get into the Halloween, uh, spirit (I'm ..."
170,https://www.amazon.com/overwatch-mercy/s?k=overwatch+mercy,"Hasbro Overwatch Ultimates Series Pharah and Mercy Dual Pack 6-Inch-Scale Collectible Action Figures with Accessories - Blizzard Video Game Characters. 4.7 out of 5 stars 498. $17.49 $ 17. 49 $39.99 $39.99. Get it as soon as Mon, May 10. FREE Shipping on orders over $25 shipped by Amazon."
171,https://colossalcheats.com/cheats/overwatch-aimbot-hack/,"Overwatch is an online FPS multiplayer shooting game released on 2016 and is developed by Blizzard Entertainment. The game was released for Windows (PC), PlayStation 4 and Xbox One. The game is 6v6 shooting game in which you select your own heroes. How Does Your Overwatch Aimbot Work?"
172,https://optihacks.com/overwatch-hacks/,"The overwatch cheats are possible, and it has a working overwatch aimbot that are positioned to aim, shoot and raze your kills automatically.Overwatch Wall hack is also deployed so that you can see the enemies as well as the allies as your prance on your targets. Other customization will allow you walk through game walls, use enhanced overwatch speed hackswith no recoil or spread."
173,https://blizzcon.com/,Overwatch League. Overwatch World Cup. Hearthstone Masters. StarCraft II WCS. World of Warcraft Arena World Championship. Community Tournaments. Support Account My Gifts Careers Company. NEWS SCHEDULE/ARCHIVES ACTIVITIES COMMUNITY DOWNLOADS FORUMS. CELEBRATION COLLECTION. LEARN MORE. Close Menu. THANK YOU
174,https://overtrack.gg/,"Automatically track your Overwatch, Valorant, and Apex Legends games with computer vision. Get full match history with details on everything that happened over the course of your games; kills, deaths, winrate statistics, composition, ults (Overwatch, Valorant), and map route + circles (Apex Legends)"
175,https://daily.upcomer.com/an-honest-overwatch-2020-review-its-not-a-10-10/,"Overwatch was a solid game when it was released in May of 2016, and it remains both a relevant game and esport. There have been a lot of changes since then, but it remains popular. Personally, I give Overwatch an 8/10. It does do a lot of things right, but it isn't without its flaws, like IGN's review might have you believe."
176,https://us.forums.blizzard.com/en/overwatch/c/general-discussion/6,"Welcome to the Overwatch streaming rewards guide. This forum post will provide key facts about watching official esports and content creator streams to earn Overwatch in-game items including sprays, skins, Overwatch Lea… 3485: 140710: 18 May 2021 Overwatch Developer Post Archives & Overwatch 2 Quick Fact List ..."
177,https://workshop.codes/search/overwatch,"Find Overwatch Workshop Codes to play with friends, randoms, or solo! Use in-depth search to find exactly what you are looking for. Or submit your own Workshop Codes for other to enjoy."
178,https://www.renderhub.com/3d-models/overwatch,These are all the overwatch 3d models we have at RenderHub. Just log in or sign up to start taking advantage of all the 3D models we have to offer.
179,https://misfitsgaming.gg/teams/,© 2020 Misfits Gaming Group. All Rights Reserved. Privacy Policy; Terms of Service; Terms of Sale; Menu
180,https://www.thegamer.com/overwatch-great-team-compositions/,"For anyone wanting to climb ranks in Overwatch, and even for those committed to winning all their Quick Play games, knowing which team composition to play is absolutely vital.While it might be hard to force strangers to play what you want, teaming up with friends to set up the perfect comp is usually a great idea."
181,https://www.fanbyte.com/guides/popular-overwatch-workshop-codes/,Massive customization options for Overwatch are here with the release of the Overwatch Workshop tool. The surprise feature announced last month in a Developer Update allows creators who are confident creating scripts to make small tweaks to the existing game and even change the nature of Overwatch entirely. They can even share these creations with Overwatch Workshop codes!
182,https://www.msn.com/en-us/entertainment/gaming/overwatch-aim-trainer-code-revealed/ar-BB17RmWU,"Overwatch Aim Trainer Code Revealed. Overwatch players, both new and experienced can improve their aim with custom games created on Overwatch Workshop by Youtuber PMAJellies.By entering a code ..."
183,"https://www.tomshardware.com/news/nzxt-h500-overwatch-edition-themed-case,38646.html",The H500 Overwatch Edition is a mid-tower case featuring a light-up Overwatch logo on the front panel and the full branding on a side panel. That's about it as far as the custom design goes ...
184,https://community.nightdev.com/t/how-to-retrieve-overwatch-stats-through-nightbot/8148,"Hello! After the positive reactions & feedback I got for sharing my Destiny and Division command on the forums, I present to you the Overwatch command. For this project I teamed up with OverwatchTracker, they were able to provide me these awesome statistics. The usage is the same as the other commands you might be used to. How it works: !overwatch < action > < username > < platform > Examples ..."
185,https://www.gamesradar.com/best-overwatch-workshop-codes/,"In Overwatch terms, that translates to some combination of Soldier: 76, Baptiste, Windowmaker, and Ashe teaming up against a team of sneaky Sombras, as the Spies attempt to hack objectives strewn ..."
186,https://www.winstonslab.com/,"Overwatch esports statistics, news, analysis, rankings, teams, players, events and much more."
187,https://bot.to/bot/octave/,"Octave Discord Bot Never miss a beat with Octave Bot, a simple and easy to use Discord music bot delivering high quality audio to hundreds of thousands of servers. Octave Bot Commands Prefix: _ Octave Bot Commands General Commands help, guide — Display the bot's list of commands. invite, invitebot — Get a link to invite the bot to your server. ping — Show the bot's current response time ..."
188,https://findanyanswer.com/what-is-the-legendary-edition-of-overwatch,"Overwatch has a brand-new edition on sale for players that are new to the game, with a variety of goodies included. The Overwatch Legendary Edition comes with 15 skins for players to choose from: the original five Origins Edition skins plus 10 additional Epic and Legendary skins."
189,http://www.blizzard.com/,"Creators of the Warcraft, Diablo, StarCraft, and Overwatch series, Blizzard Entertainment is an industry-leading developer responsible for the most epic entertainment experiences, ever."
190,https://www.twitchmetrics.net/channels/follower?game=Overwatch,"The Most Followed Overwatch Twitch Streamers, May 2021. Ranked by total followers. Last updated Sun, May 16 at 19:19. Most Watched Fastest Growing Highest Peak Viewership Most Popular Most Followed. Most Watched Fastest Growing Highest Peak Viewership Most Popular Most Followed #1. Emongg. Partner. EN"
191,https://wall.alphacoders.com/tags.php?tid=41054,"1920x1080 - Video Game - Overwatch OneHuman 380 258,857 63 3"
192,https://cs-go-bot-profile8157.peatix.com/,"The CS:GO bots of the provider get the following order: Report the player with the SteamID XY. In this case, a threshold is exceeded, so that the player is checked due to a large number of its reports directly in the Overwatch program. Cs Go Bot Profile Free Commends For. Many CS:GO Report Bot Websites offer free commends for CS:GO."
193,https://www.guilded.gg/discord_bots,"Guilded upgrades your group chat and equips your server with integrated event calendars, forums, and more. Supports PUBG MOBILE, Fortnite, CSGO, Roblox, and more."
194,https://beebom.com/useful-discord-bots/,"List of Top Discord Bots 1. GAwesome Bot. If you're looking to add a multipurpose bot to your Discord server, GAwesome is a perfect choice. It's a highly customizable and powerful bot, which is not just perfectly good at moderation the chats but also brings a ton of fun features to increase user activity on your server.It can kick, ban or award member ranks but can also be used to conduct ..."
195,https://www.shacknews.com/article/94835/how-to-play-overwatch-with-friends,"That's the best way to play a lot of games these days, and Overwatch is no different. Soemtimes, however, games make the process of joining up with friends a hassle, usually pushing many players ..."
196,https://www.gosugamers.net/overwatch/matches,Overwatch Contenders 2021 Season 1 | Contenders | China Season 2 Group Stage 27/05/2021 07:00 1X2 T1W vs FFF Overwatch Contenders 2021 Season 1 | Contenders | China Season 2 Group Stage 27/05/2021 10:00 1X2 IW vs Chaser ...
197,https://kr.shop.battle.net/ko-kr/family/overwatch?blzcmp=blizzard_hp_Overwatch_card,"Overwatch®: Legendary Edition On sale through May 28, 2021! Team-Based Shooter. Currently on sale. Discount price: KRW23,000 Original price: KRW45,000-48% ."
198,https://www.engadget.com/tf2-racist-bots-valve-problem-interview-steam-194444105.html,"While games like Overwatch, Fortnite, ... Hughes said bots started appearing in TF2 in 2017, though back then they were rare. Activity ramped up at the beginning of 2020, and over the past two ..."
199,https://www.newsweek.com/overwatch-archives-event-2020-new-challenges-skins-players-unlock-1492059,"These events are all player-versus-enemy missions, meaning you won't be fighting any real players, but AI bots. Overwatch 2 , the much hyped sequel to the hero shooter, will feature a large amount ..."
200,https://screenrant.com/best-overwatch-skins-ranked/,"Blizzard Entertainment's Overwatch has given fans an enjoyable team-based FPS where even the most casual of players can have a good time playing their favorite heroes. MORE: Overwatch is Getting Official LEGO Sets Soon One of the more enjoyable Loot Box experiences in gaming is finally unlocking an amazing skin for your Overwatch main. With so many colorful and unique outfits, we decided to ..."
201,https://www.carbonitex.net/Discord/bots,"Project Creator: Carbonitex [Matt] on Discord. You might see Carbon in your Online users in Discord, if you do cool! That means statistics such as online users, users in voice, and more are logged hourly."
202,https://www.amazon.com/overwatch-mercy/s?k=overwatch+mercy,"Hasbro Overwatch Ultimates Series Pharah and Mercy Dual Pack 6-Inch-Scale Collectible Action Figures with Accessories - Blizzard Video Game Characters. 4.7 out of 5 stars 498. $17.49 $ 17. 49 $39.99 $39.99. Get it as soon as Mon, May 10. FREE Shipping on orders over $25 shipped by Amazon."
203,https://www.ign.com/articles/overwatch-2-release-date-gameplay-characters-story,"Overwatch 2 will also feature a PvP game mode called Push, which has been shown on an all-new map set in Toronto, Canada. Push is a new 6v6 mode in which players will fight for control of a giant ..."
204,https://www.blizzard.com/en-us/download/confirmation?platform=windows&locale=enUS&version=LIVE&id=d3,Overwatch League. Overwatch World Cup. Hearthstone Masters. StarCraft II WCS. World of Warcraft Arena World Championship. Community Tournaments. Support Account My Gifts Careers Company.
205,https://kr.shop.battle.net/,"Battle.net is your one stop shop into the world of Blizzard and Activision. Buy digital games, in-game items, balance and more for all of your favorite Blizzard and Activision franchises, including World of Warcraft, Overwatch, Diablo, Hearthstone, Starcraft, Heroes of the Storm, Call of Duty, and Crash Bandicoot."
206,https://battle.net/support/article/34361,"If you've purchased a physical copy of Overwatch, or you need to reinstall the game after purchase, follow the instructions below to install the game. Download and install the Battle.net desktop app. Log into the Battle.net desktop app. Click the Overwatch icon on the left side of the app. Click Install."
207,https://www.gamerevolution.com/guides/659519-overwatch-how-get-legendary-loot-box,"Loot boxes in Overwatch are the main way to unlock new items, emotes, sprays, and more. Of coures, the easiest way to get a high-tier item is to unlock a Legendary loot box.While these can be ..."
208,https://www.forbes.com/sites/paultassi/2020/11/26/bots-and-scalpers-are-making-finding-ps5-and-xbox-series-x-stock-a-nightmare/,"Nov 26, 2020Bot trends. Google. So, if you're having problems landing a PS5 or Xbox Series X, blaming bots is not as conspiratorial as you might imagine. They are real, they are legion and they are getting ..."
209,https://www.trustedreviews.com/reviews/overwatch,"Overwatch is a first-person shooter centered around 27 heroes (having originally launched with 21, this number continues to grow via free updates to the roster), who reside in one of four ..."
210,https://heroesofthestorm.com/en-us/heroes/,"Legendary heroes and villains from Warcraft, StarCraft and Diablo are summoned to the Nexus. Choose your hero and prepare to fight in Heroes of the Storm!"
211,https://eu.battle.net/support/en/article/7655,Overwatch League. Overwatch World Cup. Hearthstone Masters. StarCraft II WCS. World of Warcraft Arena World Championship. Community Tournaments. Support Account My Gifts Careers Company. Support My Tickets Contact Support Support. My Tickets. Contact Repairing Blizzard Games. Updated: 2 months ago ...
212,https://playhearthstone.com/en-us/battlegrounds/49279-kaboom-bot/,Overwatch World Cup. Hearthstone Masters. StarCraft II WCS. World of Warcraft Arena World Championship. Community Tournaments. Support Account My Gifts Careers Company. Card Library Deck Builder Battlegrounds. English (US) Deutsch. English (US) English (EU) English (ANZ) English (SEA) Español (EU) Español (AL) Français.
213,https://www.mmorpg.com/overwatch,"Overwatch is a team-based FPS from Blizzard. With stylized graphics and an international group of heroes, Overwatch takes place in an advanced future version of Earth. Overwatch was a task force ..."
214,https://www.lego.com/en-us/themes/overwatch,Immerse yourself in LEGO® Overwatch®. Build LEGO versions of iconic heroes and locations from the game!
215,https://callofdutymobilepc.com/cac-bot-gian-lan-csgo-literal-trong-mot-tran-dau-canh-tranh-day-la-truong-hop-ghi-de-ma-toi-nhan-duoc-nhu-ban-co-the-thay-do-la-mot-doi-gom-5-bot-an-gian-trong-mot-tro-choi-canh-tranh-day-khong/,"Tôi đoán Overwatch bị hỏng. : CS Go NINH DƯƠNG LAN NGỌC 23 Tháng Năm, 2021 Leave a Comment on Các bot gian lận CSGO Literal trong một trận đấu cạnh tranh. Đây là trường hợp ghi đè mà tôi nhận được. Như bạn có thể thấy, đó là một đội gồm 5 bot ăn gian trong một trò chơi cạnh tranh."
